Stages,A,B,C,D,E
GCSH,2.419984338,0.064508614,0.316841158,0.251110587,0.071917946
BRIX1,2.356169646,0.371309,0.503554594,0.22751853,0.283815693
CELA3A,90.62271193,19.27055733,8.594452093,16.20208138,29.95273808
WASHC5,1.722791148,0.016928202,0.003088246,0.040093224,0.046216915
SLC9A3R1,1.959658936,0.369063362,0.201263538,0.144924466,0.198927769
EXOC1,64.06612956,4.125257362,5.46141406,18.73273077,11.51998788
NCF1,3.820586349,0.159956501,0.656624406,0.205456833,0.746141429
OLFM4,13.23477054,3.414921612,3.391750651,3.331681927,2.622833476
SLC3A2,10.50243606,2.80121298,0.830202962,2.751891646,3.415837823
VAMP7,4.432277257,0.153306311,0.688684995,0.220895411,0.308079002
SEPTIN10,2.311360111,0.105618148,0.266766801,0.390226813,0.189584359
LBR,0.413022858,0.019212959,0.015062152,0.039501962,0.096884616
DMPK,2.408159394,0.108682176,0.096916337,0.227843776,0.28881447
SLC12A2,1.686273804,0.379162187,0.331690563,0.657767662,0.523505294
CC2D1A,1.827452143,0.097106974,0.007654047,0.090778953,0.04177155
G0.00001T3,1.456641044,0.090014766,0.252672044,0.1106217,0.213410744
GP6,1.874298171,0.007493198,0.023742411,0.037964305,0.043183056
SULT1A1,1.251133881,0.521001255,0.357197889,0.319452956,0.414799719
MAP2K2,2.661246467,0.02037599,0.032098425,0.436366875,0.24210949
WDR36,1.726684856,0.029268027,0.022803046,0.043804524,0.021070742
CDH6,1.867522006,0.014321142,0.065140798,0.066916485,0.050242921
KEAP1,1.849467226,0.07000495,0.110471708,0.230038386,0.080697775
KP0.000015,1.972945437,0.433303461,0.202042063,0.464556803,0.240564718
GDPD1,1.983386591,0.020513817,0.00001,0.030821017,0.038356565
VPS8,1.910401362,0.702886079,0.534914621,0.587466285,0.662889465
ITGAM,1.561149854,0.209831914,0.296035427,0.239635461,0.285002743
CDC123,1.814201324,0.011386887,0.233610301,0.035505759,0.02270942
PLCD3,1.823752899,0.377595308,0.415517339,0.069021206,0.020970716
G0.00001T2,1.458863429,0.092989103,0.255596513,0.110280328,0.215305644
TNXA,1.85446534,0.626208958,0.861878761,0.883762556,0.838811684
DLAT,1.998456767,0.047202673,0.082897759,0.062266434,0.026924351
FCHSD1,1.893446793,0.007374626,0.018219515,0.008932744,0.006518832
G0.00001L,1.458863429,0.099415092,0.255596513,0.110280328,0.215305644
PRORP,0.011631628,0.00001,0.00001,0.001479392,0.00001
CES2,1.910698067,0.06561702,0.051971973,0.12238424,0.055329105
LAMTOR2,4.41148559,0.598257547,0.248125366,0.69165938,0.948449048
ATAD1,2.422443292,0.433733797,0.111601994,0.257250763,0.274650011
GLA,2.210847853,0.199729859,0.292779009,0.303275722,0.237722593
TMED9,2.119450854,0.045256748,0.093236323,0.166049316,0.125658231
VWA1,2.004062542,0.127248136,0.337086369,0.165071207,0.074465424
IFI16,1.876884931,0.03363386,0.04880116,0.053017924,0.123054232
DPP7,2.33065426,0.280014698,0.508249359,0.250095662,0.216185183
PSIP1,2.340898178,0.359427394,0.004100912,0.350450534,0.3642969
SLC25A42,1.98011941,0.01518635,0.00001,0.028533503,0.00001
VPS35,1.950742435,0.158150708,0.00001,0.156118484,0.066552581
RPS6,1.819770114,0.061832709,0.209394437,0.048237952,0.070865362
CBR3,4.789178298,2.145021658,0.176354992,1.633180765,0.111175341
FLG2,1.712087251,0.117305878,0.119011713,0.098781569,0.113400466
AP1B1,1.863080606,0.10165472,0.005404247,0.046024656,0.063144521
ACAD8,2.191319629,0.036763263,0.046889449,0.084123432,0.21591338
SMPD4,2.373525475,0.132979211,0.157482068,0.392801125,0.16344147
SULT1A4,1.847392777,0.196538549,0.255811274,0.187767337,0.203803101
KRAS,3.139181731,0.078906497,1.21767255,0.319325781,0.188983453
CZIB,2.91755587,0.087309376,0.165781174,0.010549837,0.110859031
PPIG,1.902375252,0.037350526,0.070368149,0.047170628,0.093631988
RETREG2,1.952570959,0.097704735,0.251912229,0.19871092,0.248101518
IGLV5-45,11.72713358,1.204405378,1.228605948,2.019611498,3.836348067
TBCA,3.321734235,0.520685749,0.577520547,0.884221408,0.7122926
CMPK1,2.502933884,0.115820319,0.010658202,0.271219879,0.16444788
CMBL,11.23582567,4.24805066,3.98765129,4.083020957,4.699417946
PDK1,8.945038162,1.088792567,1.386381907,0.038846607,1.496232004
ATP12A,1.790260251,0.014903022,0.024506269,0.004299796,0.006021273
PIP,31.00850198,2.842817964,4.265920573,7.684996886,4.09297224
MISP,1.402445616,0.051258885,0.196370333,0.167086467,0.353773166
DSTN,2.165992736,0.224781443,0.035792674,0.212192887,0.129589777
ALAD,2.232583651,0.05761572,0.143044645,0.360612895,0.272533501
NUCB1,1.902079658,0.489125907,0.433559051,0.50595821,0.57801326
CUL3,1.86185311,0.02786047,0.00001,0.15084556,0.034800524
UPF1,1.655174574,0.387501271,0.434903043,0.34426249,0.387493741
DCTN4,2.104692145,0.133467324,0.00001,0.07473628,0.161868716
PSMB7,2.327426058,0.069336163,0.155824511,0.402237344,0.65023473
MAP1S,1.912350502,0.121349443,0.006985055,0.051590754,0.319890079
NCF1B,3.743148252,0.154244055,0.633173824,0.198119383,0.720604482
NUFIP2,2.395719512,0.036557593,0.271499085,0.045062373,0.051686527
POLG2,1.945805572,0.00001,0.00001,0.004768634,0.039117992
PTPRZ1,1.540018634,0.136782476,0.092520399,0.060867305,0.042190677
ITGA1,2.00067479,0.044249364,0.248779158,0.065197699,0.177849547
PEX1,1.554222237,0.054514828,0.094656632,0.074386701,0.096756168
PDK2,9.964848298,1.244332991,1.449504664,0.037132864,1.742938744
SHMT1,1.929122649,0.792890885,0.892061599,0.827906651,0.825316738
CRISP3,2.39136117,0.269442605,0.445495456,0.241413336,0.222426214
SF1,2.509240841,0.112308891,0.00001,0.405599427,0.502998118
CUL1,1.807180097,0.550399327,0.325334263,0.656907272,0.486086363
DHX9,1.622585379,0.230764526,0.310103015,0.398849367,0.469190306
IL6ST,1.559492413,0.393911558,0.370306436,0.57422331,0.478961033
ACAD10,1.937026527,0.009721047,0.00001,0.011967701,0.005906548
DPEP2,3.658388147,0.98837781,0.876740893,0.719006081,1.158220099
KLK10,2.388316175,0.393217692,0.368802257,0.214444302,0.120939229
FLOT1,2.070415599,0.599995968,0.796272019,0.625838071,0.493158546
GNPAT,1.808284812,0.035829001,0.014010871,0.03169405,0.034914244
POLR2C,3.41913616,0.055491305,0.140554234,0.202131511,0.077273962
SGCE,5.293934571,1.473721016,2.134110621,1.175508631,1.490520686
KP0.000016,1.972945437,0.466527664,0.202042063,0.571844116,0.240564718
CSTF1,5.125319641,0.012027396,1.332141428,0.490049589,1.999824023
SP140L,1.998197026,0.089127279,0.119977823,0.094874806,0.12484774
ZCRB1,4.272903385,0.634455312,1.103066078,1.060260236,0.735428063
TMEM33,2.208802124,0.111269583,0.34042409,0.083253699,0.177605805
AP3B1,1.915569445,0.28411275,0.228356477,0.120557213,0.251121895
AKR1C4,1.885491273,0.039659755,0.012237097,0.035818737,0.029276527
CCNK,2.902418605,0.385592192,0.591618903,0.412455485,0.411304264
RIC8A,5.454548675,0.035789443,0.004554905,0.338231297,0.011478274
USP11,2.003529462,0.183798623,0.063743282,0.161459067,0.102679204
TGFB1,1.470775208,0.059907778,0.034746706,0.025400659,0.046897933
PDK4,10.59862618,1.340050175,1.561004301,0.035176716,1.83657633
DOCK1,1.926834022,0.683206388,0.395330524,0.638352789,0.617736314
HDGFL2,2.343088387,0.324362087,0.006198225,0.292637432,0.321536089
NCAN,1.968036321,0.176283477,0.317116341,0.1003159,0.197167322
HNRNPA1L2,1.91564684,0.050810186,0.19087811,0.092309439,0.095744921
PVR,1.943511922,0.00679882,0.00001,0.060054363,0.079899919
SLC44A2,1.998628835,0.09316836,0.037581766,0.071266599,0.058416187
TWF1,1.814818606,0.26955996,0.135764875,0.177598804,0.164005012
CNN3,10.61567289,0.86182085,2.63456644,1.709819085,3.153356406
OAS3,1.695568426,0.002986173,0.007827218,0.068514505,0.039832532
SUB1,3.38600358,0.251414767,0.455738538,0.431819274,0.262939715
SNX4,2.015078941,0.121472839,0.021738935,0.17110202,0.167614654
GID8,2.098645715,0.187733158,0.239942532,0.205847238,0.199517353
KP0.000011,1.861695936,0.478419859,0.218959316,0.525818182,0.247934415
DOCK10,0.060649866,0.012050038,0.014702139,0.009221636,0.022044106
VPS18,1.684899986,0.028793387,0.214841232,0.054652325,0.023977231
RECK,0.169604922,0.031291954,0.011251941,0.036126542,0.032658602
ABCF3,2.017877048,0.004070758,0.145659558,0.126755501,0.160016598
PIGS,2.044881288,0.073428378,0.33854204,0.234248843,0.250671437
TACO1,2.337127588,0.378110604,0.00001,0.070880961,0.047770348
MVK,0.216454052,0.010522293,0.00001,0.051131693,0.00001
RARRES1,0.306577062,0.00001,0.00001,0.024739056,0.122348771
N4BP2L1,0.059757632,0.00001,0.00001,0.007531031,0.00001
NOP16,0.39766118,0.077953144,0.00001,0.176963276,0.025750012
IRF4,0.038439566,0.00001,0.027405122,0.003754863,0.005181969
LGALS9C,0.023343139,0.00001,0.063905992,0.009708721,0.00001
TMEM128,0.325024263,0.182037365,0.02904578,0.086083891,0.012057123
EMC8,3.52020811,0.147312604,1.249119397,2.346475962,0.462816394
TRMT10C,0.111841589,0.032032933,0.019769988,0.031311262,0.00001
CLN5,0.120025332,0.00001,0.00767852,0.006580217,0.07687194
CHURC1,2.794930314,1.226680401,0.405896096,1.730829875,1.131227156
LGALS9B,0.023343139,0.00001,0.063905992,0.009708721,0.00001
DNMT3A,0.048635219,0.000789126,0.008458502,0.00001,0.00001
PGGT1B,0.023794542,0.00001,0.00001,0.00001,0.00001
BPNT1,0.16317895,0.00001,0.00001,0.068533003,0.002147653
DNTTIP2,0.085881719,0.006786779,0.013652847,0.036202909,0.040075279
PRDX3,2.37222523,0.061918046,0.00001,0.702297863,1.504867847
SNX30,2.814596255,0.180074342,0.50115118,0.399461479,2.388272056
BSN,1.889896379,0.022073849,0.007780401,0.031509051,1.807478581
THOC1,0.015663244,0.00001,0.00001,0.00130601,0.003557199
SRPK2,0.047808899,0.00001,0.00001,0.00001,0.021062273
FIP1L1,0.040467558,0.036487331,0.00001,0.000933171,0.028500881
SBF1,0.095217631,0.019090583,0.002851332,0.053429452,0.007838838
ALPG,0.219894411,0.00001,0.00001,0.010897839,0.00001
SARDH,0.033001721,0.00001,0.00001,0.004027217,0.013861814
DPY19L1,0.22443562,0.00001,0.00001,0.00001,0.00001
GMFB,2.626540799,0.041531717,0.00001,0.092338224,0.139255912
ISCU,0.325614427,0.00001,0.00001,0.00001,0.00001
TMEM106C,0.02328885,0.00001,0.073269768,0.00001,0.00001
PES1,0.035669519,0.024667753,0.003351615,0.008810134,0.01483747
STK10,0.076893817,0.007706872,0.00001,0.000492335,0.00001
CIAPIN1,0.244232976,0.00001,0.006053425,0.00001,0.010701491
BID,0.450088472,0.004999878,0.674570222,0.169193062,0.168041213
COL7A1,2.000643141,0.137017667,1.850610178,0.067945286,1.911925879
TMPRSS11E,0.278293845,0.00001,0.00001,0.00001,0.104802637
EARS2,0.278620259,0.067605053,0.002046208,0.048223587,0.093325226
MMP3,2.389947247,0.054274073,2.181305739,0.461055684,2.284323193
SLIT3,0.685015554,0.157568915,0.00001,0.129657454,0.070595511
ELMOD2,2.657889487,0.00001,1.245172999,0.398503882,0.00001
VPS36,1.941464302,2.027961539,0.157398134,0.078646573,1.912623832
FOXO3,0.015417042,0.00001,0.00001,0.002479605,0.00001
OXLD1,2.58687404,1.969308667,0.00001,0.291045841,0.781899757
TREH,1.824601869,0.36290343,0.109794431,0.289411597,1.775798847
NTM,0.626808369,0.026921191,0.106262128,0.155997271,0.00001
TBC1D10A,0.016787767,0.00001,0.00001,0.00001,0.005054169
ZC3HC1,0.019206275,0.004653542,0.00001,0.006878322,0.00001
ARMC5,0.186975258,0.017116326,0.00001,0.022089245,0.039790509
ATP1A4,1.562582217,0.01862825,1.928997997,0.046306068,0.061168858
FABP7,0.102824958,0.00001,0.00001,0.015958045,0.00001
SCGN,0.275232943,0.11499731,0.00001,0.045474636,0.178477691
TBC1D13,0.827039945,0.00001,0.00001,0.071754761,0.153856878
TG,0.064529156,0.00001,0.006141135,0.00001,0.00001
PPM1B,0.162221236,0.032607775,0.041887834,0.022962942,0.018664655
SPATA5,0.079077946,0.007613488,0.00001,0.038084024,0.006590253
AP1M2,0.21691408,0.00800446,0.024180874,0.042178501,0.022768648
ANXA11,0.137463425,0.014726811,0.00001,0.012020015,0.034404216
ALPP,0.219894411,0.00001,0.00001,0.010897839,0.00001
G0.00001T1,1.461319747,0.099992354,0.258828821,0.113046029,0.217966009
NCF1C,3.994047686,0.121051548,0.709153708,0.221892721,0.792658867
PDGFB,0.489228451,0.097790564,0.00001,0.164761193,0.197904133
PNLIPRP1,2.209927575,0.114931592,0.001793135,0.130001226,0.228119919
SULT1A3,1.847392777,0.196538549,0.255811274,0.187767337,0.203803101
CCL18,0.218685737,0.063421027,0.00001,0.121216566,0.025439905
CELA3B,1.832349308,0.557999804,0.157291753,0.369586307,1.488715146
RBBP7,0.125829593,0.052430264,0.00001,0.036813484,0.040187781
SNCA,4.224338852,0.00001,0.035531936,4.430077959,7.569611318
ACOT2,0.254781111,0.026421995,1.678688615,0.033320943,0.055668438
ITSN1,0.022291107,0.013330399,1.803610902,0.06636142,0.016091276
ITGAD,0.00001,0.00001,0.001323676,0.00001,0.00001
MAP7D1,0.007636094,0.00752685,1.686121606,0.038360096,0.034043965
HEPACAM,0.437159762,0.271387424,2.233436781,0.374270765,0.337645379
SRP68,0.097740136,1.961531454,2.097709879,0.204914068,0.27376806
ARRB1,0.096178854,0.051458167,1.885366702,0.11264033,0.093100294
PSMD1,0.037246364,0.032781335,1.689546138,0.03011031,0.053551666
COL11A2,0.471152529,2.867274888,0.505506316,0.51941915,0.331812992
TFPI,0.016516489,0.010219242,1.637286013,0.017849319,0.043307095
NIBAN1,0.003361458,0.164189994,2.826891204,0.207747829,0.049902513
TBC1D22A,0.001321594,0.114467969,0.01465847,0.051280423,0.034718566
SRSF2,0.04897498,0.023300972,1.576300265,0.041555663,0.089117324
MLPH,0.016106045,0.108794864,1.664389519,0.105021011,0.078852083
MPST,0.666829355,1.45921239,5.619309809,0.63757199,1.178646541
XRN2,0.022091815,0.025632928,1.700734555,0.042667012,0.021244652
ATP6V1C1,0.073992807,0.56103836,4.829362704,1.266391304,0.563276264
CA12,0.095918422,2.067725914,1.956255899,0.544809382,0.454384327
DERA,0.179540307,1.982701043,0.022501796,0.128534506,0.047379556
SAMD9L,0.129601115,1.500578762,0.123843878,0.115258701,0.127095481
WASF3,0.00001,0.147314581,0.028681398,0.041693811,0.040204378
ATAD3A,0.024851584,0.029176345,1.640996489,0.033156026,0.03152264
PKN2,0.048520926,0.036814776,1.709242267,0.055060605,0.043577855
GADD45GIP1,0.048500349,0.145896149,1.742673363,0.181083092,0.035304262
HLA-B,0.140845004,0.100878194,1.537163133,0.167888781,0.254165771
KRT31,0.227738944,1.8381665,1.763778664,0.034933671,0.239248127
HMOX1,1.271123441,1.853026626,6.322719838,1.814949568,1.833665617
FHL3,0.00001,0.00001,0.007403921,0.00001,0.00001
CDC42EP1,0.016150264,2.094520436,1.961890147,0.164141102,0.227151945
PRKAR1A,0.050874252,0.092273189,1.788288603,0.103345492,0.122370819
H2BC1,0.255747631,1.847050372,0.011082827,0.030637767,0.022350301
MAT1A,0.022915135,1.645665386,0.012724466,0.025846889,0.054718104
ELF1,0.273903683,0.106741523,0.102509122,0.131118092,2.170817236
VAT1,0.093088698,0.257072828,0.081101835,0.109490176,1.941307314
ESAM,0.111608653,0.172895955,0.1192692,0.151884493,1.742565021
DT0.00001,0.282872671,0.096248006,0.099232448,0.221025428,1.953722947
ITPR3,0.519329711,0.090081369,0.066529013,0.060604339,1.834513556
EXOSC3,0.424573675,0.219977787,0.611047567,0.471179878,2.266313503
IBA57,0.00451634,0.172017069,0.33657188,0.200533843,1.803354936
TBCE,0.33862706,0.518604847,0.2640501,0.43151438,2.288150513
NUDT5,0.192330198,0.195487853,0.314516056,0.236264417,2.435933104
KRT222,0.030922225,0.035204439,0.075629409,0.032254229,1.865928374
CSTF3,0.480409734,0.228176158,0.032656022,0.227565449,2.018721845
KLC4,0.098589398,0.255683394,0.282477886,0.247965251,1.746487679
DDX50,0.058555282,0.527552412,0.596671651,0.526615729,0.563142179
LRRC8D,0.00001,0.00001,0.009501642,0.00001,0.001337829
STARD13,0.00001,0.00001,0.024186093,0.00001,0.00001
0.00001PB,0.034182268,0.00001,0.00196219,0.00001,0.00001
SNX27,2.146014244,13.47901416,15.51583923,16.92203551,21.69247596
NGLY1,0.008044526,0.121804612,0.134791777,0.118058094,0.068559707
CTPS2,0.012264648,0.042853918,1.851859614,0.048815079,1.815622696
ANP32B,0.52884783,4.120799946,1.667667831,1.209198671,1.703875193
STBD1,0.085186468,0.135566063,0.091510118,0.023797524,0.061458256
CLCA2,0.004723195,0.00001,0.046899652,0.00001,0.000494619
SLC11A2,0.00001,0.00001,0.068401387,0.00001,0.00001
CDH16,0.022366993,0.00001,0.070949535,0.005303398,0.00001
TRAF1,0.00001,0.00001,0.007790062,0.00001,0.00001
POLR1A,0.010395524,0.00001,0.03294764,0.012450023,0.005740615
TGM1,2.312581627,1.955112448,0.480742076,1.531462753,2.206863024
ADPRH,0.098991654,0.262893875,0.026903151,0.184123366,0.172286842
SERPINI1,0.098269096,11.18033712,7.660857632,3.797728348,3.143570524
FLAD1,0.154083745,0.54628778,0.551854024,0.801182679,0.691828371
TOMM34,0.01168573,0.083794195,0.1348232,0.175010107,0.243828469
PDLIM7,0.04058793,0.142293247,0.069223901,0.015703164,0.138788444
RFC5,0.148545546,0.200602712,0.901521324,0.183941421,0.315094284
MED8,0.219251387,0.456561563,0.626504091,1.115091399,0.598214413
PSMA2,0.138891961,0.119083418,6.204948527,0.243531898,2.277830314
BLOC1S2,0.00001,0.00001,0.032303448,0.00001,0.005073232
DCTN3,0.00001,0.158917005,0.224056849,0.030823142,0.048689162
RBBP4,0.10967627,0.046441028,0.00001,0.055656762,0.01286462
CHMP4B,0.009342481,0.219880797,0.008103719,0.020184005,0.015485044
ANKHD1,0.025274581,1.805745063,0.029119444,0.028133803,0.047104434
EML3,0.01427165,0.005454834,0.005602898,0.001899891,0.147825596
FBXO7,0.00001,0.023363957,0.120995451,0.002054281,0.00001
COL18A1,0.094211703,1.534203249,0.203972722,0.149150419,0.124824476
SARNP,0.011658822,0.068541871,2.754723023,0.213417088,0.188987472
MXRA7,0.00001,0.00001,0.016426849,0.00001,0.00001
TRA2B,0.128634371,0.054290422,1.97180162,0.053309431,0.138219439
STX1B,0.161578211,3.065592592,1.055482869,0.437713839,0.810546016
PYCARD,0.123755418,1.883598543,0.098864131,0.182297938,0.142119619
STK4,0.313980389,0.04860573,1.774210013,0.183771907,0.086241113
FDXR,0.136818094,0.156136541,1.780936764,0.168132272,0.197606168
ARHGEF10L,0.037110493,0.017687971,1.502065535,0.014580662,0.033366101
ATP6V1H,0.013219483,2.085383582,0.157547083,0.169753535,0.136679735
ARHGEF10,0.049311108,1.920945841,1.714620318,0.00978277,0.07408827
PPP1CA,0.311697225,1.67678171,0.303129926,0.267974367,0.275876523
TMED10,0.229208293,2.251487953,0.42508848,0.159525429,0.111306054
UBFD1,0.226906376,2.209824856,0.266569913,0.339976937,0.34909324
CPSF1,0.150012521,2.392928241,0.632834586,0.39291122,0.611451338
GBF1,0.07835897,0.209631102,1.581952072,0.209966945,0.259251828
R0.00001SE2,0.277029006,0.348296053,0.359729059,2.345970329,0.444150068
AGO1,0.020944667,0.11735628,0.050503348,1.624689861,0.070708353
EHMT2,0.00001,0.00001,0.005235333,0.00001,0.00001
MOCS3,0.008842697,0.022911362,0.00001,0.002926606,0.083362523
SIAE,0.273610154,0.021393654,0.024845939,2.154648054,0.067389088
TOR1B,0.00001,0.00001,0.031088659,0.00001,0.00001
SCCPDH,0.109393113,0.186814333,0.531545792,0.518247923,1.950986618
GFM2,0.002270096,0.00001,0.006357847,0.000464475,0.004157184
STT3B,0.266546951,0.0792873,0.06396371,0.122975597,1.827231354
AP2M1,0.362009213,0.057777259,1.597893156,0.185395519,1.877450403
TLE3,0.021848148,0.014222485,0.019557927,0.020723967,1.798196542
SLC1A1,0.00001,0.00600602,0.00001,0.00001,0.00001
A0.00001PC2,0.023513318,0.031350577,0.238446917,0.064261631,1.764312458
PLIN2,0.24310599,0.128137364,0.110170413,0.20988441,2.117180029
GIMAP5,0.11643641,0.00001,0.00001,0.332593264,0.00001
CD2BP2,0.00001,0.00001,0.082571745,0.00001,0.00001
EXOC4,0.04667984,0.165520752,1.652929319,0.157424704,1.566774445
TEX10,0.00001,0.002512599,0.016130539,0.001917308,0.00001
TTC27,0.00001,0.00001,0.002578196,0.00001,0.00001
TGFB1I1,0.134332171,0.00001,0.024033729,0.032414367,0.070346414
C11orf96,0.00001,0.00001,0.017916527,0.00001,0.00001
CCDC134,0.004937971,0.047028228,0.00001,0.00001,0.019368821
FYTTD1,0.00001,0.102941515,0.00001,0.031834983,0.006007925
FMN2,0.00001,0.00001,0.001440386,0.00001,0.00001
MRPL41,0.00001,0.00001,0.027455709,0.00001,0.00001
ITPKB,0.00001,0.024968033,0.00001,0.00001,0.00001
SBSPON,0.00001,0.00001,0.016048492,0.00001,0.00001
BPIFA1,0.00001,0.00001,0.027055875,0.00001,0.00001
DOCK5,0.113882398,0.529373748,1.646983619,0.499284523,1.733424733
DUSP14,0.00001,0.00001,0.01561246,0.00001,0.00001
BRMS1,0.00001,0.00001,0.15112978,0.00001,0.00001
SLC27A1,1.133871258,0.00001,8.820329362,2.423664605,0.183495409
POLR2H,0.00001,0.00001,0.116839376,0.00001,0.00001
FGL1,0.400718015,0.33927477,0.009644631,0.102650457,8.380331284
PXYLP1,0.00001,0.00001,0.046446731,0.00001,0.00001
MIER1,0.00001,0.00001,0.004509143,0.000893949,0.00001
STK25,0.000921501,0.00001,0.010153346,0.00001,0.004634996
CPEB3,0.00001,0.00001,0.010934369,0.00001,0.00001
SLC9A3,0.00001,0.00001,0.003346746,0.00001,0.00001
CAMK2B,0.000561806,0.00001,1.813307754,0.000998634,0.00128383
NDE1,0.00001,0.034220941,0.296774829,0.012608974,0.122950184
PIK3CB,0.004304849,0.045774602,1.967374816,0.024307799,0.026392501
MBD2,0.026522149,0.037800322,1.897753543,0.022562228,0.053583394
RPS6KA2,0.01208018,0.083690826,1.857213457,0.026932098,0.050210726
RNF126,0.00001,0.00001,0.016768268,0.00001,0.00001
WDR44,0.056814343,1.878496084,0.061295618,0.080366813,0.084552304
SEC61A2,0.009893415,2.02806258,0.012361123,0.051531063,0.035248916
CASP4,0.027816482,0.012742496,5.092669202,0.046980287,0.009210928
ABCB1,0.00743277,0.028334499,1.843962614,0.028671227,0.009844142
CAMK2G,0.02330742,0.016008438,1.764498147,0.041596256,0.04376081
CNOT9,0.00132102,0.009732095,2.044454193,0.027411809,0.03254303
WDR47,0.044715761,2.232639612,0.016995546,0.09594524,0.05516638
ITGA2B,0.062991946,1.824614772,0.016376716,0.036433715,0.073263093
ATAD3C,0.015252132,0.025807899,1.653243302,0.019582814,0.023300979
THNSL1,0.089172866,0.010333457,2.065431006,0.129152898,0.016817525
NOMO2,0.031884015,0.003225758,1.679855965,0.011083683,0.01052133
APOBEC3G,0.023155703,2.026973498,1.904535176,0.05557655,0.089320806
EIF2S2,0.03878738,0.052353096,2.005104941,0.055889453,0.10995439
ANK3,0.000532755,0.00619353,1.835230876,0.017730823,0.010235923
IDH3B,0.037733763,0.071327968,2.00149313,0.0555007,0.080656268
CLIC6,0.112253555,1.86089536,0.025217044,0.10873306,0.111605358
CUBN,0.021252813,0.044453813,1.905375283,0.025451893,0.00754987
PIKFYVE,0.012152601,1.879073084,0.038303519,0.025702582,0.049348182
FUCA2,0.027366814,1.946292878,0.284690939,0.069202864,0.02148636
OSBPL3,0.020788153,0.041336099,1.831769826,0.036609191,0.054049801
ASPSCR1,0.08637332,1.95156315,0.012588124,0.050555138,0.047579564
COL8A1,0.043045744,1.722728422,0.078219395,0.065842044,0.077707422
PDXDC1,0.068988867,1.895109842,0.056509856,0.058789681,0.059727905
CPOX,0.009642294,1.979040517,1.572437172,0.058562677,0.041384126
RAB18,0.097947953,0.065628761,1.855765789,0.035448758,0.057445173
SEC24A,0.02760151,0.009749001,1.697127703,0.020973518,0.047927755
RBMXL3,0.057040041,0.044920304,1.497092171,0.053714083,0.037695655
GMIP,0.054529629,0.060082582,1.748653569,0.069370713,0.017257378
LRP6,0.015741838,0.013678554,1.715060939,0.028684537,0.012911392
TCIRG1,0.05173663,0.007832792,1.938561106,0.057406656,0.077947655
CDCA2,0.00001,0.00001,0.007709925,0.00001,0.00001
ITGA5,0.085504739,1.944938302,0.063935057,0.055914915,0.080349419
EPN2,0.087290298,2.170898096,0.277367292,0.058877181,0.138928801
LSM4,0.126012047,0.05970784,1.991755625,0.093098804,0.126431744
DPYD,0.029053401,0.044736027,1.843535389,0.075502682,0.072385227
PARP4,0.024168844,0.149889824,1.727960648,0.017692034,0.009645008
SEC61A1,0.009893415,1.987683261,0.012361123,0.063757716,0.031517031
STAM2,0.014580612,0.013695535,1.96464816,0.027514016,0.008571443
SNIP1,0.128410703,0.044465614,1.880706157,0.220896792,0.114822311
MXRA8,0.07416649,0.049432448,1.827929866,0.07853241,0.102539645
SEPTIN6,0.024865853,0.080704441,1.794663263,0.039738617,0.020324298
FKBP10,0.179377974,0.706648554,2.58746321,0.465907147,0.697389851
NDUFAF7,0.023204825,0.01471868,1.817932241,0.069665703,0.05017437
SCARB1,0.038909189,0.035830733,1.864554487,0.002451535,0.023522761
MYO7B,0.06764392,0.029683712,1.847491867,0.055898846,0.083029714
BRD3,0.00001,0.00001,0.002103942,0.00001,0.00001
HEATR1,0.011277208,1.557250766,1.810438838,0.030754268,0.058815408
NUP210,0.016244677,2.017578703,0.060166234,0.107733765,0.094679905
OPLAH,0.009921515,1.652508255,0.014905049,0.022453096,0.04831725
STXBP2,0.03251834,2.234062315,2.393308929,0.120808537,0.311656996
DFFA,0.214331613,2.057727928,0.418242393,0.189409225,0.175760325
ENPP6,0.046476774,1.97261901,0.047798936,0.036535594,0.034964317
VTI1B,0.122694768,0.139728449,1.989873623,0.198637711,0.275945739
GINS1,0.076736133,0.060010117,2.138106363,0.123024916,0.037110159
HSP90AA4P,0.041218716,2.069063658,0.027792434,0.169853348,0.140772935
ARPC3,0.072613269,1.759358511,0.141399767,0.087528112,0.051919592
ECE1,0.004760929,0.040937582,1.711819094,0.049063909,0.026489813
FYN,0.079227985,0.041011775,1.909015659,0.079656808,0.056568458
ZAP70,0.00001,0.586519542,0.00178434,0.007320682,0.004207983
ATP6V1E1,0.081464207,2.030988292,0.0419624,0.093900993,0.036005973
NLRX1,0.018322678,0.030587905,1.936925549,0.049480042,0.029254701
ARFIP1,0.145216142,0.223258038,1.886644046,0.260486908,0.112420057
RENBP,0.003783391,0.035418534,0.026458426,0.020222446,0.00001
GOLGA2,0.043255966,0.210002963,1.603467251,0.064223209,0.030185538
P4HA1,0.026358345,1.917119047,0.00001,0.081659104,0.072875175
MB21D2,0.017254868,0.033531084,1.858705279,0.080995249,0.043738747
RPS6KA1,0.014709644,0.090967628,1.863430913,0.029694622,0.061547114
PTPRM,0.012481066,0.02254074,1.709937264,0.015476985,0.002105753
EIF4H,0.155876397,0.200275227,2.146333359,0.086067315,0.126708558
PFDN4,0.060124819,0.034123769,2.045614443,0.027519891,0.067529245
PKP1,0.052393449,0.077626229,1.862272728,0.182385302,0.058152209
TRIM3,0.007027394,0.011823636,1.885184838,0.006643925,0.025466479
SUGT1,0.137986296,1.916463052,0.041916518,0.031007175,0.062792465
NELFB,0.102090998,0.224017533,2.03129198,0.17348943,0.069585812
NOMO3,0.032769464,0.003315107,1.680512014,0.011391346,0.010813366
RRP8,0.031077593,0.037686936,1.732483142,0.057751011,0.072842152
ACAD9,0.079951214,0.085978042,1.946590908,0.067725181,0.059312423
FLG,0.019780956,1.940303092,1.53949334,0.074526938,0.056814614
CDK5,0.011962895,0.092040484,1.900126218,0.029608337,0.044923113
SPRN,0.00001,0.00001,0.112083519,0.00001,0.00001
RPS6KA3,0.019139925,2.365383891,5.066003466,0.873897484,0.354327014
0.00001PRT,0.061413935,0.185445619,0.056415254,2.132848773,0.055642329
RASAL1,0.005487878,0.00001,0.166302318,0.030473073,0.012068339
STAT5B,0.029777152,0.597034402,0.475322536,2.537505679,0.466390036
PKP3,0.049815543,0.220638599,0.084793512,2.230092891,0.153698707
LPP,0.059617292,0.163498399,0.077027684,2.15830698,0.099746278
YBX2,0.03439219,0.03346367,0.029336493,1.983805124,0.032800538
KIF13B,0.032849081,0.040367313,0.051639539,2.054477544,0.01946849
ADAMTSL4,0.003592492,0.012349275,0.004678668,1.979376783,0.00232801
DSG2,0.291700805,0.307722256,0.555295343,1.654413769,0.351603264
UGDH,0.338631368,2.736597218,0.009507387,2.830502444,0.59944407
WDR17,0.00001,0.00001,0.007671229,0.00001,0.00001
RNF113A,0.00001,0.00001,0.197997469,0.00001,0.00001
CD93,0.200903301,0.131134319,0.093468763,1.709979765,0.111170747
MYBBP1A,0.020614483,0.008470698,0.008738691,1.836741316,0.073258517
NDUFB4,0.855653961,0.829531828,0.577105283,2.912633764,0.900879264
PIPSL,0.00239174,0.013583687,0.00554708,0.177463512,0.006381946
CHD5,0.006633484,0.005481804,0.005123722,1.842497531,0.013367716
AOC1,0.659171657,0.404762969,0.495190625,2.596169084,0.702395553
ALG11,0.213524737,0.271697023,0.066919175,2.303345256,0.263251173
ATP2A3,0.031860561,0.029401618,0.011932276,2.023438537,0.029852322
SEC24B,0.092685998,0.131505387,0.012363114,2.01389473,0.017791019
TRNT1,0.132901653,0.224148996,0.240093118,2.232651778,0.151824613
MADD,0.000349329,0.00294091,1.826238495,0.000570522,0.00001
NOP14,0.017933829,0.03032266,0.039639706,2.082216518,0.046724116
DDI2,0.094202903,0.337210359,0.012575613,0.187783174,1.944064109
MUC4,0.00001,0.060944249,0.00001,0.00001,0.00001
FBXO3,0.032237728,0.053795747,0.054526536,0.04705852,1.68574824
EIF3H,0.177666822,0.076669105,0.00001,0.111884795,1.932649296
RPTOR,0.018067573,0.038694793,0.029272774,0.093423327,1.899092193
COX5A,0.360558702,0.640635911,0.144752368,0.214620483,2.405376083
MGAM,0.054825642,0.044184799,0.00001,0.032391685,1.864435854
SUSD2,0.141568136,0.027785021,0.017697493,0.068823796,1.870443968
DNM1,0.089420761,0.021344598,0.018900906,0.04119702,1.920602124
UBQLN2,0.253437855,0.128983978,0.125991213,0.087567405,2.003462347
LMAN2L,0.320002247,0.461670862,0.037757065,0.235183323,2.102592785
HNF1A,0.00001,0.00001,0.010540295,0.00001,0.00001
TP53BP1,0.166231437,0.252366389,0.114260898,0.140264802,1.90820899
CDC42BPB,0.036082327,0.016847048,0.00001,0.018300827,1.706018193
0.00001NS,0.124991587,0.266246161,0.002412614,0.176110382,1.938225603
EIF2S1,0.108433197,0.074199739,0.080127128,0.102298439,1.927278148
PSMD6,0.155680965,0.110324382,0.03701269,0.091010946,2.078278665
ITGAL,0.061795746,0.040752578,0.079884201,0.034396182,1.892923682
BTAF1,0.084914606,0.146849452,0.089135744,0.111730989,1.929016477
HTT,0.054424944,0.042841423,0.01745168,0.041815604,1.909307932
CASP2,0.133655777,0.136818145,0.234322579,0.171920163,1.947472083
TANGO2,0.234185159,0.124381117,0.144134107,0.124291892,1.905556446
GSDMA,0.410495501,0.359772998,0.630345278,0.408212359,2.575142203
HSPA12A,0.038581016,0.031273134,0.032644173,0.10481824,1.901526603
DNM3,0.02896088,0.028381505,0.013592312,0.048168642,1.732600079
LARP7,0.069845117,1.98792728,1.885127255,2.067274715,1.944898706
ARSH,0.049521884,0.305819941,2.160280504,2.363584732,0.206847081
DDR2,0.00001,0.00001,0.007328791,0.00001,0.00001
PHYHD1,0.00001,0.00001,0.031051405,0.00001,0.00001
ITPRIP,0.00001,0.00001,0.166057576,0.00001,0.00001
DHX36,0.00001,0.113363396,0.024767231,0.003207934,0.00001
SFRP1,0.00001,0.00001,0.113080095,0.055225373,0.00001
ICAM5,0.00001,0.00001,0.058920089,0.00001,0.00001
PI4KB,0.00001,0.00001,0.00001,0.00001,0.112179417
KL,0.00001,0.00001,0.03432908,0.00001,0.00001
PLA2R1,0.00001,0.00001,0.014386661,0.00001,0.00001
LRP5,0.00001,0.00001,0.003873616,0.00001,0.00001
GMPR2,0.455955802,1.04142913,2.80870833,3.527204776,1.249975313
AKR1B10,0.785103897,2.35996163,2.119019181,2.331074015,2.092320806
LNPEP,0.089846162,2.105018022,1.887407176,1.944205475,0.274456159
UTP25,0.00001,0.00001,0.007759918,0.001807838,0.00001
BTN2A2,0.00001,0.00001,0.005254484,0.00001,0.00001
TSC22D2,0.057415751,0.00001,0.085641191,0.097571777,0.330909667
H1-3,0.116182158,1.072070002,1.981917642,2.274682699,1.915505018
SERPINB2,0.004037643,0.563868186,2.732495191,0.903041744,0.067517355
PDE4B,0.00001,0.00001,0.015666883,0.00001,0.00001
HMGB2,0.159438914,2.260704995,0.156466769,0.866545042,0.140342638
IMPDH1,0.00001,0.00001,0.076756046,0.00001,0.182856305
RPL10L,0.015465578,0.120710053,0.177937099,0.004832683,0.00001
MTCH2,0.002070988,0.034407992,0.00001,0.205254886,0.095742963
LRRC40,0.019644246,0.849663742,3.235879978,1.646460087,0.1690028
ZSCAN18,0.00001,0.00001,0.0093685,0.00001,0.00001
RPS8,0.015295802,0.241192469,2.392690969,0.052865383,0.726362247
ZC3HAV1L,0.00001,0.00001,0.023813602,0.00001,0.00001
MTIF3,0.00001,0.00001,0.026883705,0.00001,0.00001
TBP,0.00001,0.00001,0.085718141,0.00001,0.00001
GAB2,0.002389305,0.148425284,0.00001,0.00001,0.00001
CCDC90B,0.043442028,0.060986457,0.017467293,2.153417733,1.853626469
NBEAL2,0.001936974,0.459794754,0.632612659,0.205194543,0.021469367
CBFB,0.00001,0.051022917,0.363065416,0.100552721,0.048935371
CPEB2,0.00001,0.00001,0.012064541,0.00001,0.00001
REEP5,0.00001,0.00001,0.294279278,0.00001,0.00001
MMAA,0.00001,0.00001,0.00001,0.00001,0.026599248
LILRB5,0.00001,0.00001,0.00001,0.00001,0.022875584
NPTN,0.00001,0.00001,0.309471946,0.00001,0.00001
TEAD1,0.00001,0.00001,0.009754971,0.00001,0.00001
OPHN1,0.00001,0.100176837,0.00001,0.023317238,0.021700782
CSDE1,0.021137829,0.017960569,0.002598868,1.997233428,1.857422399
CDC42EP3,0.00001,0.00001,0.038427773,0.00001,0.00001
RBBP6,0.000853289,0.00001,0.036752899,0.004578281,0.00001
EIF4B,0.057247947,1.706646271,0.012937006,2.061399463,1.726918913
OCLN,0.042452186,0.005825003,2.059693348,0.008812801,0.028585686
CPEB4,0.00001,0.00001,0.010291722,0.00001,0.00001
OXSR1,0.089360846,0.236027779,1.591247881,1.679450357,1.54949228
NCOA1,0.00001,0.00001,0.004384026,0.00001,0.00001
LSM1,0.417582905,0.521703886,0.065118887,2.766746519,2.685431241
ALKBH5,0.00001,0.00001,0.021154408,0.00001,0.00001
DDTL,0.001195837,0.00001,0.00001,0.00001,0.119357577
LSR,0.024774471,0.01883401,1.868145354,0.040898413,0.029853314
SFT2D2,0.00001,0.00001,0.096048335,0.00001,0.00001
MTFR1L,0.027536802,2.073320654,0.00001,0.018109923,0.025923967
SAMM50,0.150815727,2.153213752,1.836592369,2.20416825,0.351214842
SLC35F6,0.00001,0.00001,0.086242587,0.00001,0.00001
PARG,0.029762905,0.064310127,0.059754778,2.080766618,1.889176055
THYN1,0.00001,0.160286987,0.383479671,0.108459612,0.004451174
KAT0.00001L1,0.00001,0.00001,0.000588899,0.00001,0.00001
FAM241B,0.00001,0.229762481,0.00001,0.00001,0.461375773
NIPS0.00001P1,0.011968114,0.362342399,0.198513919,0.19362411,0.10275672
TMEM205,3.248649123,7.707589703,14.01046748,13.23140516,9.148710861
TMEM126A,0.105764905,3.529154644,0.390725604,0.714987614,3.074716495
PRPH,0.210115713,2.644951173,0.05923181,2.474618038,1.8949638
POLR2A,0.096745429,0.614517115,0.551406514,2.062190882,1.952034696
DCXR,0.225369037,2.19087776,1.268572033,2.572523105,0.88411751
CDK9,0.00646199,0.00001,0.257700594,0.00001,0.00001
SUMO2,0.00001,0.00001,0.043243202,0.00001,0.00001
H1-2,0.116182158,1.072070002,1.981917642,2.198169553,1.915505018
AGPAT2,0.00001,0.00001,0.032277547,0.00001,0.00001
CAMK2A,0.000719566,0.00001,1.814007811,0.05129281,0.071131844
RAP1A,0.097741539,1.48556177,1.824977814,2.028979694,0.037913774
TBC1D5,0.017010664,1.784112798,1.616291624,2.050030669,0.06915225
ARRDC1,0.00001,0.00001,0.090363627,0.00001,0.00001
PTPA,0.06220887,2.005800825,0.251142916,0.075094914,0.585412167
WDR11,0.401390623,2.110331279,2.357436272,0.978391063,2.296305828
DENND1A,0.00001,0.00001,0.0105741,0.00001,0.00001
GMDS,0.028938606,0.081722566,1.805567242,0.49021212,0.039846387
EEPD1,0.00001,0.00001,0.008191459,0.00001,0.00001
ARSL,0.079764041,0.324354046,2.185463431,2.273868823,0.220796746
DPYSL3,0.779023264,1.878490536,0.079121265,1.926135885,1.929958744
TMEM53,0.00001,0.00001,0.055477864,0.00001,0.00001
CNTROB,0.00001,0.00001,0.010153166,0.00001,0.00001
RIOK2,0.00001,0.00001,0.194265402,0.00001,0.00001
CBX7,0.00001,0.00001,0.001948763,0.000463762,0.00001
FER,0.00001,0.00001,0.001598659,0.00001,0.00001
RAPGEF2,0.00001,0.768541846,0.00001,0.00001,0.007541419
CTR9,0.088277216,0.122694732,0.036868393,2.073459097,1.966914399
LRP2,0.310100492,1.631127096,0.094630373,1.628450363,0.587576195
AADAC,0.00001,0.00001,0.272578682,0.00001,0.00001
EVI5L,0.00001,0.00001,0.011390525,0.00001,0.00001
SLC25A32,0.00001,0.00001,0.095768447,0.00001,0.00001
MRPS17,0.03389279,0.00001,0.428859231,0.00001,0.981032474
STK38L,0.000944839,0.017155373,0.00001,0.00001,0.00001
IDH2,0.013343498,0.209042587,6.868072243,1.604059344,2.084807948
DUOX2,0.04155759,1.855401952,0.007986236,0.100195701,1.79373556
ARHGAP31,0.00001,0.026149468,0.00001,0.00001,0.00452337
SMYD4,0.00001,0.00001,0.010270511,0.00001,0.00001
CELSR1,0.00001,0.00001,0.010920814,0.00001,0.00001
HKDC1,0.037513564,1.880240112,0.079241481,0.105850309,1.922236323
GRIK3,0.013102154,0.350155914,0.00001,0.01121151,0.00001
SPINK1,0.00001,0.00001,0.856625647,0.00001,3.157169573
SLK,1.914177937,0.074688241,0.01900969,0.036371139,0.037943712
LTBP4,1.890659622,0.362655367,0.255785064,0.263771818,0.227419526
ELAC2,1.822764951,0.055829168,0.041263204,0.028052655,0.023079857
OSBP,2.29196874,0.280054463,0.182928506,0.304419223,0.242006339
AK1,2.158451956,0.236215827,0.142039764,0.387251165,0.503676805
PDCD4,0.034226593,0.00001,0.00001,0.028904471,0.236203227
MAOA,0.001868799,0.00001,0.034176184,0.007121662,0.01172796
WDFY1,2.036535151,0.597114083,0.544040458,0.641082261,0.544509253
TXNIP,1.646006578,0.061275946,0.04764179,0.083128919,0.081182444
GPN2,0.00001,0.00001,0.00001,0.00001,0.069014885
GCC2,0.026016698,0.00001,0.0057014,0.004499932,0.00001
NDUFS1,1.108757991,0.242759626,0.33286503,0.415613771,0.354389106
CEACAM6,1.928303697,0.02671157,0.107495186,0.130331536,0.306783318
RCL1,1.467018214,0.28660516,0.432309822,0.316116728,0.310114293
ACAN,2.74975901,0.722491577,0.309435593,0.465869591,0.411849874
BCAN,2.039054199,0.240693174,0.311835442,0.118280872,0.248184013
DOCK11,0.00001,0.035140083,0.00001,0.003289922,0.009879105
PRTN3,4.241420049,0.708350237,0.873086871,0.909190104,0.928882266
FDPS,2.150852654,0.20835677,0.002999485,0.136044713,0.120064167
GARS1,1.788191824,0.100375385,0.034323844,0.109479521,0.079140642
ARHGAP25,1.935933152,0.249824353,0.105841766,0.098427886,0.124021101
ACLY,3.533850828,0.992833992,1.685226267,1.323608104,0.367114181
HSP90AA2P,1.956681297,0.112391441,0.042775184,0.152382893,0.210693298
NDUFB8,0.067858886,0.139241921,0.00001,0.074016569,0.096473963
PIGG,0.00001,0.139664983,0.352415091,0.217362757,0.273253899
DRG1,4.835911974,0.41472831,1.273880598,2.162356853,1.523566039
FHOD1,1.928825861,0.343376846,0.15963506,0.156716816,0.159606481
DDX58,2.739437153,0.790470325,0.561748672,0.612042349,0.431889185
GPRC5C,2.152411158,0.079824057,0.138974919,0.179366698,0.402337892
RPL8,2.124626784,0.10155988,0.449548311,0.308653753,0.201947764
GLB1,0.166240932,0.001816526,0.124097702,0.068002155,0.032111772
MMP10,2.082795305,0.066619606,0.883095967,0.185715711,0.199657837
BLOC1S4,2.059183157,0.251210541,0.147069657,0.351340802,0.2894769
PACSIN2,1.697897091,0.899152523,0.237557747,0.090173285,0.282555055
SFTPA1,0.0010344,0.01096844,0.048954165,0.049226044,0.015476183
BANF1,1.692113644,0.617572312,0.312191017,0.460325812,0.168756341
0.00001P1L4,3.104941069,0.384926664,0.220830574,0.147555732,0.129156979
HSD17B13,0.00001,0.024723618,0.137171227,0.00639485,0.00591133
ATPAF1,4.475448623,0.61435905,1.001698478,1.908662377,1.658030206
DENND4C,1.912326803,0.053585152,0.170351409,0.044684319,0.023859102
D0.00001JC13,1.747610897,0.275448655,0.309314747,0.32361254,0.320750176
RPL4,0.297238624,0.260170743,1.873151879,0.064616255,0.172069894
HID1,0.059540598,0.33921268,0.06411297,0.081500497,0.090561845
D0.00001JB4,0.043620063,0.040676697,1.950013166,0.063044355,0.084835213
STK39,0.006541959,1.932076746,1.573499911,0.089973834,0.0625703
CYRIA,0.296395778,0.10394651,2.466452218,0.289132583,0.477057487
PPP2R2A,0.324230177,0.268377065,1.954576889,0.30827609,0.327639897
PSMD10,0.046810835,0.226587825,3.069517093,0.15807876,0.470565244
BIRC6,0.004113095,0.001684479,0.000959193,0.000948036,0.00155836
HIP1R,0.006906857,0.084193941,1.729183861,0.168618507,0.192301564
SH3BP1,0.016083579,1.152666558,1.678536392,0.182028092,0.424354041
RARS1,0.133360443,0.878385444,1.746077144,0.412791162,0.463386299
FAM135A,0.16676762,1.950573565,0.025916131,0.033198848,0.044115779
RNF2,0.1000598,0.278034268,2.001451524,0.088414993,0.25712937
RBM12,1.195234706,1.786209918,6.135106179,1.299824288,1.283890991
PCDH1,0.062941954,0.286388232,1.889782159,0.152647531,0.272012188
DDX6,0.108665948,2.061694706,0.177454967,0.164423018,0.038430736
AP3M1,0.364776182,0.7889833,2.181010084,0.287601246,0.281609694
GTF3C4,0.069230526,2.280708358,0.285948408,0.328145529,0.071339593
GSTM3,0.125581551,0.079296594,1.883079202,0.067878793,0.086080386
HERC4,0.795850317,3.268571644,6.378914938,1.674360392,1.970193083
DLG1,0.47613851,2.424844619,0.526394533,0.512583072,0.616719387
ADI1,0.737892999,4.833831217,1.527240215,1.444603582,1.330906891
CLTCL1,0.379962046,0.621851256,1.611398292,0.502559972,0.399601182
CBX1,0.178933607,0.128244861,2.024974592,0.456614272,0.286206809
ADH1C,1.173664521,4.867579065,2.959184049,1.311119308,0.359674077
INPPL1,0.471781792,0.283951607,1.787556516,0.242600923,0.428624743
LDLRAP1,0.065397549,2.145886928,0.036742796,0.137574458,0.148898004
SF3A1,0.02473035,0.086488964,1.853347208,0.078578211,0.15148641
NIPS0.00001P2,0.049095809,0.52449209,1.973622214,0.130840294,0.154949929
CDK5RAP3,0.031040701,0.066346089,1.649829625,0.053592855,0.045222833
BZW2,0.091079209,2.274845318,0.007615775,0.060801765,0.107252216
RAB22A,0.094025081,0.00001,0.00001,0.00001,0.00001
AOC2,0.040286924,0.067760471,1.74315263,0.063875868,0.064312237
EPB41L1,0.056998435,2.05194069,0.044345814,0.134846105,0.083315742
OGT,0.052809745,1.514777112,0.03950448,0.078263173,0.072143086
MYD88,0.026408406,0.013050879,1.675733479,0.240349694,0.136930763
MAG,0.096405972,0.522536767,2.293496972,0.459950306,0.248205338
SPG21,0.006817514,0.011564515,0.334654493,0.084262027,0.054990413
LRCH1,1.085739058,2.105074173,0.00001,3.722505791,7.378913293
MICALL2,0.716039402,0.301119143,2.737236554,0.526978284,0.341810776
HDAC6,0.180558398,2.771842189,2.352167765,0.658945708,0.85722984
GDA,2.499257388,9.209713618,19.34273353,1.907992759,1.44399996
ZNF830,0.036369538,0.00001,0.00001,0.055869045,0.188406601
D0.00001JA3,0.011891257,0.072394881,2.116933854,0.119950215,0.018882527
MRPL15,0.33004088,0.534701264,2.594863114,0.290589084,0.648666106
NQO2,0.37999504,0.546113451,1.580988131,0.485499328,0.490834738
SNX8,0.030184601,0.092236928,0.00001,0.005773004,0.046491158
SVIL,0.012183377,0.009403697,1.85026667,0.010438324,0.013366842
ITGB2,0.040809645,1.910048989,0.288342366,0.037425147,0.032180555
TIMM50,0.113450187,0.043787529,0.005746876,0.13504547,0.001483366
GIPC2,0.086264496,0.076846177,1.723689407,0.060895982,0.057399091
VMA21,1.026544002,2.441148751,2.210342212,0.985703323,0.362171981
FUT3,0.454430787,1.190884866,2.583315421,0.775971441,0.669116951
ABHD10,0.168561706,2.03466341,0.023203288,0.215814521,0.500616166
ECPAS,0.538779873,1.870022983,0.629781118,0.449821905,0.611681727
COPA,0.3113744,2.053686875,0.235440281,0.490191806,0.478862845
FGB,2.626258315,155.2211951,163.8843426,41.46138336,34.21463742
ADGRL2,0.238109633,1.568509338,0.247016408,0.222221391,0.223896671
GRK2,0.158947705,0.379887408,1.987560926,0.08728519,0.160766736
SEMA7A,0.20232277,2.293767266,0.045644388,0.039292303,0.008594467
PLOD3,0.156532202,0.108834931,1.573179568,0.206745451,0.087752492
MAOB,1.749072749,0.169479712,25.13146191,2.220586793,2.263501944
BRAT1,0.121077349,0.195931321,1.665255778,0.091154173,0.151429623
MRPS5,0.327125691,0.19066141,2.338531596,0.319492509,0.145221921
PPP2R5D,0.083523464,5.634858404,3.239832845,1.313306609,1.103124888
PAK1,0.388074039,0.333881946,2.892514416,0.409237831,0.251073044
CLUH,0.104086713,2.141940158,2.780864733,0.508763504,0.315897392
GGT5,0.866770085,0.457745394,8.944134446,1.084286057,1.524140058
PCYT2,0.279717716,0.391168709,2.538888424,0.236891162,0.43763391
MLYCD,0.015703417,0.002051307,0.00001,0.002548092,0.000925167
NDUFA5,0.026128109,1.347753505,0.312891355,0.247760312,0.00858329
HCK,0.207865318,0.163320661,3.475389651,0.18524141,0.172952605
LSM3,0.602742281,2.370902821,0.379165934,0.473143437,0.437458372
WIPI2,0.063517407,2.076117255,0.242952066,0.105009524,0.12022648
BAG3,0.065173099,0.084712111,2.281088863,0.082312262,0.218858506
TPPP3,0.277206254,0.125029363,1.956951653,0.170017468,0.407134622
ORC3,1.063003856,0.891715818,0.00001,0.234825428,0.00246537
THEM6,0.00001,0.165550683,0.00001,0.00001,0.00001
TXNL4A,0.98780797,29.74263597,9.680356486,4.912534877,8.251715339
ISOC1,0.061314018,0.487514959,1.710431688,0.246815943,0.100838133
XPNPEP2,0.600107906,0.775147659,1.848640038,0.586699499,0.598177054
EXOC6B,0.018557745,0.105377338,1.99774657,0.114364045,0.089113733
ATP1B1,0.162893293,0.151953926,2.007675964,0.184664748,0.113015681
C1orf56,0.064093878,0.050014231,1.875905856,0.024074941,0.053013022
SNRPE,0.41926118,0.320391632,3.269088434,0.319120713,0.304422007
PRKAB2,0.113486064,0.182327121,2.960480483,0.330088065,0.106207484
NXF1,0.016564036,10.67683411,12.22788669,1.492727654,0.794780482
PSMA4,0.359678315,0.521840733,1.97057958,0.245193606,0.092788196
DOCK9,0.366958921,2.689172574,0.665348627,0.554157191,0.66435265
HPCAL1,0.190411874,0.169478322,4.101080293,0.746252545,0.299289518
ERP44,0.479922224,0.755209373,2.588339864,0.542744599,0.190068079
ATAT1,0.207897342,0.176138147,1.964086034,0.114296788,0.135618911
HDHD5,0.707615484,2.581556414,0.27984007,0.430311244,0.427548442
PTP4A2,0.289951477,0.630642202,0.792229233,3.156802781,0.696729003
UBE2N,0.055219929,0.163998404,0.073761981,2.149057559,0.24846085
TBC1D24,0.223985914,0.191002004,0.179523166,2.246450919,0.222421839
UGT2B15,0.003918144,0.00001,0.078053208,0.056899451,0.007071972
NEO1,0.028835011,0.102305916,0.12025927,1.957837997,0.073697658
GOLPH3,0.000160403,0.086554951,0.025323541,0.027422399,0.112267956
RASA1,0.149605304,0.280977295,0.703014229,2.146293073,0.227104805
AIFM1,0.196306884,0.127661422,0.042169918,2.227191515,0.455404351
CDH17,0.038382663,0.099354172,0.026112852,2.062205478,0.066960993
MRPS26,0.077650641,0.0048228,0.008356909,0.159678392,0.079444195
CCDC22,0.067815988,0.282773044,0.36462247,1.636955155,0.295716762
APPL1,0.022524476,0.020043629,0.040531238,0.07005725,0.00937144
PTPN13,1.103542463,0.153650583,0.148201464,2.268667955,0.13782552
ANKRD17,0.025492396,0.041399704,0.001947893,2.065584023,0.044997468
ARL8A,0.787789824,0.235021572,0.173489512,3.428347457,1.025690647
PFAS,0.158556576,0.058121367,0.075254531,2.099250249,0.095148505
FAM102A,0.380692475,0.290586174,0.369332591,2.349428347,0.445355312
AGO3,0.283912215,0.166210623,0.724283949,2.511841347,0.512606706
STRAP,0.053860792,0.046206143,0.012324981,0.246828713,0.035302314
XPNPEP1,0.066804602,0.154612301,0.694243679,2.060703557,0.077423464
SERPINB4,1.888287729,5.433677505,4.99273714,11.86770895,0.856957905
DNPH1,1.216517651,0.080556501,0.129364544,6.896342418,0.043893847
CCT4,0.666782321,1.837461481,0.05096185,2.625926487,0.735474962
OMD,0.275967706,0.799845401,0.141366344,2.093119236,0.168952059
SERPINB3,3.021042218,4.471548491,5.410094708,12.10761618,1.529349275
CCDC126,0.486920066,0.374101789,0.331886131,1.808944508,0.382715383
RPL10A,0.492667921,0.026980435,0.381656877,1.555053072,0.615085142
CDC42,0.693465259,1.145670472,0.972280066,4.479260827,1.036736336
KHSRP,44.98426185,54.07439516,54.62241278,165.7596309,38.13006437
MUC5AC,0.079612878,0.048502306,0.042316555,1.892938239,0.09345898
SLC33A1,0.232060789,0.629953062,0.616564824,2.141107857,0.156311993
CNN1,0.147497449,0.349291856,0.07775954,2.02559215,0.452701416
POLR1E,0.028812357,0.119036808,0.111085472,2.144296095,0.306110475
CORO1C,0.369646428,0.432122706,0.479916805,2.961514208,1.149646773
COX6A1,1.525998723,1.189981281,2.758983508,13.76258527,0.893910186
WAS,0.00001,0.021161149,0.035997108,0.016404117,0.034683827
CPNE1,0.343730624,0.042466438,0.324228897,2.791892306,0.199520075
SEPTIN11,0.173870755,0.186521248,1.579159453,3.966096972,0.094168804
UBA7,0.405795768,0.503151137,0.549320676,1.930614212,0.391857959
SEC22B,0.598782627,0.278901742,1.082028511,2.644711016,1.157531153
SP100,0.704570775,0.140618671,1.680331022,1.849539632,0.485292138
ATIC,0.301494979,0.084359945,0.867007696,1.870596874,0.315188848
SELL,6.593625746,5.477418905,5.439911961,9.886339821,23.45482393
NDRG1,0.179319337,0.463007181,0.457309134,0.466992095,1.879105721
SHMT2,1.779871069,0.717959419,0.806773436,1.726146423,3.971806678
ARPC5,2.112233101,3.944439442,2.881850156,3.027453985,8.048155678
STOM,0.139332781,0.355178109,0.772997667,0.284613707,2.687007272
POLB,0.00001,0.002844021,0.018376961,0.00001,0.00001
HLA-A,0.540793586,0.306636244,0.513941071,0.554536125,1.622641023
BCL2L13,0.334560227,0.158695053,0.211773089,0.144704641,2.976530437
PLEC,0.263147226,0.181553284,0.688537296,0.69239245,1.514420427
ISG15,0.403356869,0.033437252,0.131285868,0.093459155,0.11880042
ALDH3B1,0.610652891,0.258303005,0.21720163,0.440802181,2.382188388
CASP3,0.180602986,0.159204018,0.028038951,0.037532858,0.536807832
CCT7,0.187467177,0.064152874,0.446232464,0.225247391,1.453566106
PPIL3,0.370595502,1.209003278,1.040460698,1.625216859,3.327465063
SF3B3,0.58849834,0.675990898,0.837584181,0.817431121,2.059274677
GK,0.138814377,0.614125322,0.142707215,0.597609922,2.520668989
PIP4K2C,0.197748507,0.584216209,0.564992488,0.59613055,1.953010017
CCAR1,0.298397119,0.195743221,0.062201841,0.196570089,2.032613819
CCNL1,0.115117621,0.103267107,0.00001,0.081502654,0.439844146
GDAP2,0.00001,0.00001,0.01168674,0.00001,0.00001
DTNB,0.354738684,0.110492572,0.110825124,0.251859326,2.047193409
NT5E,0.129443143,0.809879512,0.476027833,0.291048735,2.357171678
EEF1AKMT4-ECE2,0.003866749,0.365173414,0.001169228,0.093862195,0.099769087
COMMD2,0.126084818,0.038928388,0.123949888,0.224312356,1.925864912
ALDH7A1,0.10697098,0.527611372,0.382794293,0.14245844,3.277953921
GGT7,0.00001,0.00001,0.00001,0.058446378,0.00001
GK3P,0.143152047,0.633316513,0.147166523,0.612950207,2.547976681
TRAP1,0.084934728,0.015475417,1.718379934,0.074307827,1.745825244
EPHB1,0.014042249,0.240192292,0.242688086,0.087495676,1.691709306
CPSF6,0.380221893,1.99742762,0.059434409,0.174274261,2.185563134
RBM39,0.268318241,0.403444614,0.02409252,0.671950617,2.285601693
APRT,0.317741089,0.099128206,0.120522982,0.148987705,2.286051895
COL15A1,0.035464707,0.012406272,0.00036565,0.03731722,0.117673078
CTBP1,0.117928486,0.260215322,0.114497206,0.204917137,0.702013258
ALDH3B2,0.791517376,0.335791267,0.282359306,0.570840028,2.622151995
ERCC5,0.763223871,4.038157815,3.09264126,3.302004044,3.14986431
LMAN1,2.039235891,2.129935407,0.444788354,2.312988973,2.065991104
ST13P5,0.876055393,0.080827639,1.778769948,3.605040789,2.254765374
IPO9,0.256244684,0.016558912,1.715882153,1.686371799,1.906407778
SLC12A4,0.00758473,0.185601657,0.030631206,0.044181052,0.085492662
EPB42,6.071312749,20.88524159,33.23599768,13.74737497,25.54233171
POLR2B,1.981226872,1.791586674,0.35500831,2.062215146,1.686581101
SEC23IP,2.343959202,1.041400787,0.063869597,2.143922168,2.129934704
UFL1,0.092403798,0.466621471,2.160318318,1.87347837,1.773054617
HGH1,0.662449564,5.955217078,9.748743006,4.682193826,11.43292901
ARAP1,1.874107646,0.09508664,1.852497045,1.607545366,1.48336711
GSTP1,3.379706692,12.75574107,7.629959706,10.35589593,8.773743657
BST1,1.933556493,1.735706852,1.854363091,0.097835421,0.039235927
PSMD5,0.068219303,1.711830136,1.749455858,2.047149226,1.91483105
HK3,0.104798898,1.851104445,1.919285289,1.949579891,1.781070615
TRBC1,0.00001,0.00001,0.191871732,0.00001,0.00001
SETX,0.00001,0.013277216,0.003371925,0.004393042,0.003245989
CLCA1,1.968136903,1.347658149,0.401465789,2.505290068,1.989178699
HAPLN4,0.002048981,0.046994813,0.02846054,0.02046878,0.038067301
ETFA,1.975027702,1.888318228,0.30429073,1.829111484,1.913007891
TPSD1,0.015574009,0.009661324,0.021639446,0.00001,0.004137102
MPG,0.00001,0.261433501,0.00001,0.109089681,0.039247343
RABGGTB,3.722713241,4.85919329,1.134462535,4.291040899,3.957497575
PPIAL4G,0.050462523,0.182684314,0.357323593,0.189339252,0.00001
HRAS,0.876076147,2.802679016,2.509813753,2.947255909,2.833848674
PUM1,0.00377454,0.011624142,0.00001,0.169219327,0.062142958
ITGA2,2.276908975,0.457989254,1.390400736,2.475605814,2.607284353
KRT33B,1.605782931,1.872069555,1.86282916,0.028112953,1.511977029
KIF5C,0.142344874,1.866190179,1.844130703,0.725059889,2.11047341
CRTAP,1.956523239,1.971014885,1.881809029,0.100928867,1.898206246
TRIM16,0.201573191,1.928265854,1.832669447,2.064929935,2.135222627
HNRNPH1,0.195786607,0.939400048,0.569433411,0.428314295,0.563600147
FCGR2A,0.149528664,1.909370616,0.062645336,2.096524037,2.235964513
MACROD1,0.04202422,0.068208112,0.00001,0.134276923,0.054959195
USP15,1.724319037,0.938684928,0.460535899,2.048894751,1.831489585
CTN0.000011,2.115154855,1.777528908,0.131988253,1.865893718,2.005981818
MFGE8,2.111226834,2.217586894,0.29216414,2.418852002,2.363258981
PDLIM1,2.398036735,2.594544222,0.764005775,2.291146231,1.557567591
KRT4,6.774521603,4.556418793,0.931434753,20.6512679,15.05979956
GBE1,0.129465507,0.626130558,0.496796859,0.662085043,0.650230113
LNPK,1.821898534,2.094101218,1.657393028,2.267502859,0.227229266
DHX38,0.016738982,0.107276163,0.108215681,0.108499956,0.104127277
NUDC,2.907403617,0.448986092,1.049770569,2.86334508,2.951029818
BCAT2,0.259972069,2.129867234,1.944982168,2.176089936,2.226583196
ACSL1,0.498257975,1.936618085,0.110980337,2.044176724,0.382759556
PPP1CB,1.991853776,1.922835314,1.793463562,0.083535142,0.233437253
ARF5,0.271648639,0.759529825,1.147261791,2.397665345,2.259051372
HTRA1,0.504075116,1.582384355,1.094943553,1.222335854,1.910483499
STAU1,1.641488846,0.221836607,0.470010028,0.550863862,1.714069474
NSFL1C,2.062897193,0.24052021,0.917779621,0.723899413,1.858871373
ELOVL1,0.19482628,1.924186176,2.091822708,1.406673795,1.439936878
ACP1,2.350863488,2.28185654,0.727475513,2.251305527,0.287433932
PTGFRN,3.58051088,33.86623266,27.31614333,18.42761514,17.72703542
HDAC1,1.941828387,1.515620255,0.012047599,1.953644322,1.778068636
PSPC1,1.962260195,0.231598836,1.996339266,2.031696416,1.892636748
HLA-C,1.614132277,1.767610113,1.694939168,0.219426838,1.615964347
GBP5,0.052912904,2.976099677,0.18857202,2.400680088,0.654448251
TPR,0.128692901,1.684334814,1.635995273,1.732193029,1.467592875
SYNM,0.210562188,2.2150812,2.613118409,2.373445752,2.032150422
SLC5A3,0.00001,0.00001,0.00571634,0.00001,0.00001
RUFY1,0.056440998,0.243244118,0.069846427,0.314523394,0.00001
MAP4,0.226310411,0.615601969,1.881061184,1.752427664,0.461829622
POLR2L,0.263115661,15.94813827,9.63773429,11.04731713,14.27491451
SMARCC2,1.745042182,1.941220596,0.059231946,1.7438167,1.545621668
PSMA1,0.956145314,5.373713124,3.517493256,3.489331693,3.517442324
OSTF1,0.895514606,0.458570459,2.906710993,0.867350317,0.859132699
DOCK8,1.690393998,1.589233896,1.53511293,0.181477566,1.561307901
DDAH1,3.857742705,2.894767161,0.071965398,4.009366463,2.393750957
HSPB11,3.059246048,3.50949033,2.282245802,3.130929911,0.23653588
IGFBP7,0.360596755,2.387437119,2.201283102,2.351987208,2.530405292
ARMC8,0.003779192,0.136433681,0.266998754,0.244454311,0.238292037
H1-5,0.313489155,2.13287264,1.277234563,2.192884126,2.18434959
EXOC8,0.036741455,1.95771527,1.888438323,2.184700192,0.188562242
DPP9,0.096402169,0.006623416,0.070771962,0.090004686,0.324275435
TGM3,1.499643113,23.82486114,0.619407225,7.097567415,7.005475768
CLMN,0.493810872,0.052095971,1.784584786,1.818187553,0.114267913
PPP1R10,1.209218844,3.383168241,0.580232445,7.880539661,6.935447272
CSE1L,0.6380695,0.327971748,1.807180901,0.428366491,0.338107315
TOM1,2.227168619,2.606147576,1.911299769,2.465410196,0.379630456
TMED2,2.014507067,2.869709022,0.112278845,2.096164175,2.234044404
MRPL50,2.184514256,2.393690364,1.369323207,0.368674906,2.063729478
ATG9A,2.643589717,2.655441558,2.106242073,0.564816288,2.512265105
NRIP2,0.00001,0.007406056,0.294087749,0.145234638,0.171811007
CPQ,2.21684192,1.606128304,0.007150989,1.940151217,0.05132361
ACTN2,1.536374553,1.871206637,0.001807263,1.74646669,0.063867176
HEBP2,5.64959015,17.80562762,36.00427052,40.24630492,17.16877489
NSDHL,2.407582583,2.256535338,2.889055141,0.315455338,2.403712242
MVB12B,2.382338068,38.71101264,26.35452937,20.47727605,23.42476048
FXR1,2.866000691,0.969265011,4.613210413,3.284438437,3.64083207
COL3A1,0.14838143,1.554884738,0.199778215,0.695724955,0.66276536
NIFK,0.00387608,0.477285507,0.00642204,0.157009466,0.173341698
PGRMC1,4.141885919,4.116111415,8.639442406,3.985056833,4.009669728
SERPINB1,11.05712556,51.48965567,33.04734127,23.50646724,40.93010775
PGS1,0.01494686,0.030105126,0.00001,0.00001,0.00001
MRPL49,5.046095272,0.418868022,1.894026686,4.089404805,1.692156668
TRADD,0.066705001,0.398893462,0.00001,0.025657466,0.00001
FAH,5.744025559,42.45506594,56.60537333,36.28643186,41.25415273
MAP2,0.054837628,0.148066622,1.829373129,1.96580969,1.873818277
ADH1A,2.038237782,2.610860626,3.218468048,0.785715234,0.380799789
ILVBL,0.130558124,0.325980144,1.865724611,1.776505228,0.535519751
RBMX,0.22936435,1.069029594,0.717960029,0.757814043,0.700648777
MDN1,0.216311906,0.03776215,1.524395923,1.97423197,1.668963784
TNFAIP2,2.032624579,1.893267467,0.188337827,2.092098541,1.606677367
PTBP2,0.348691108,0.510025431,2.93930871,0.909674838,0.664214215
EXOC5,0.159125508,0.008261966,0.001977107,0.034376618,0.002997815
RBM8A,2.663258947,0.383441131,1.513439082,1.96516016,1.666417955
PABPC1,0.058308028,1.934808615,0.016527751,2.008992983,1.831344359
SEPTIN8,7.154892647,17.72213169,56.28851103,33.55808795,0.041132098
PNO1,0.276133528,9.229261666,7.479766251,6.969749805,7.122280616
ST13,0.999800011,0.11239423,1.791255628,3.803413809,2.321518621
HDGF,6.950569785,12.69200353,0.406576493,6.677041963,1.179686395
CTSH,1.213564838,3.987318859,1.77962278,1.881295973,1.221894713
TXNDC17,0.546661402,0.178760141,0.03327736,2.863243024,2.649923662
CRKL,1.765481501,0.540981389,1.984981978,2.2836242,1.974864342
EIF3G,0.261083648,2.566853629,1.324541247,3.006727061,0.868057985
ADD2,2.024008804,0.150752006,1.701425204,1.939872615,1.872061644
PAK2,0.586633468,2.139128858,0.054326974,1.988247868,0.175830107
FBLN5,1.747144894,0.170701767,1.827449501,2.131223119,0.073074574
RAB7A,2.303010623,0.636477562,0.095969542,2.060697689,2.11436285
BORCS8,0.427088466,13.87769529,7.125205328,7.483530304,4.085890363
WASF1,2.618332785,0.457949755,2.273190067,2.606158375,2.440095546
TOM1L2,0.00001,0.021021243,0.068635815,0.073759521,0.102940268
CYCS,5.47978917,21.23673581,19.42662447,25.60157824,21.2456894
USE1,2.096818909,2.064660997,1.848838289,0.434597337,1.593182284
LCK,0.006167597,0.04081885,0.131578405,0.007451062,0.046908583
CPNE5,0.017278978,0.063670386,0.051452935,2.053432042,1.865434179
CNRIP1,0.00001,0.006538506,0.328216454,0.02052639,0.096449081
KP0.000012,0.460988154,0.110993898,1.721523481,0.036681989,0.187725237
H1-1,0.131801999,2.118279323,2.196142781,2.40130281,2.105551098
PSMD3,2.573449942,1.900826479,0.730922018,2.000199038,2.611828107
KRT37,1.634281323,0.054404586,1.863734781,0.007368233,1.734149069
CALHM5,4.62442277,4.939604811,1.408925141,4.638222361,5.021759202
LEMD2,1.445204705,0.675631853,2.618323487,2.810145096,2.225645204
MGST1,0.431212432,0.894229058,1.624301044,0.957270886,1.814888651
OPA1,0.468800486,0.084152518,1.687727017,2.025455089,1.472325852
PFKL,2.407458767,1.869420008,5.620043815,2.617120138,1.013378582
CSTA,1.594687242,0.437145213,2.445796995,2.825882506,2.690232652
CCDC6,1.56976914,0.061034472,1.789676124,0.14238103,2.385034091
ALDH6A1,0.40096689,1.348712507,1.731384698,1.928861296,3.328918025
PXN,1.881897838,0.216438969,2.038668617,2.019561976,1.835493743
HDGFL3,5.633023084,4.293331073,0.692791318,4.445893884,4.173864536
PARK7,5.986955831,22.97039755,20.6560033,14.23097178,15.78351994
LRBA,1.59087446,1.759058308,1.699481671,1.920179871,0.115324292
CASP14,1.901636061,0.515951232,1.572508157,1.535176036,1.512776013
ARFGEF2,0.063469919,1.716649613,0.163017204,1.980500013,1.636789467
PRMT1,2.025003074,2.276960742,0.430103156,2.451074521,2.167285284
MXRA5,1.878208394,1.657014739,0.122795737,1.703237127,0.046273069
SCFD1,1.495639009,0.187903067,1.545381379,1.932476574,1.697810136
BSG,4.037785673,2.435300656,0.273352744,2.969918349,1.107694838
PTPRC,0.401429259,1.186867546,1.305737439,1.327267241,1.413558783
MTARC2,0.107937607,1.457907713,2.108435889,2.065786942,2.197243983
COL4A2,1.988986155,0.138191909,1.837459961,2.070435462,1.724609937
DENND3,0.075855218,0.346350848,0.00001,0.053655698,0.167544349
ERAP2,0.626958464,1.516227276,1.946988398,2.242438343,1.274854903
PPIAL4D,0.046581546,0.168632382,0.329837788,0.174775373,0.00001
U2AF2,2.900587764,0.144385656,1.224208632,4.241008279,0.323044281
FCGRT,1.607978344,3.643584244,2.918598025,0.802088346,3.935155127
PALM,2.132689896,2.010367609,1.535607298,0.122003059,2.093562452
GTPBP10,0.00001,0.00001,0.024354132,0.00001,0.00001
SFXN1,0.119832241,1.997084881,2.448078361,2.058229182,1.951099261
SIRPA,0.212200966,0.606101906,1.721373724,1.995529947,1.991477056
WDR77,0.520776274,2.367951721,4.56257832,1.806884555,1.362336592
ARL6IP5,1.456914768,2.919751993,4.568147403,3.617841209,0.696223881
TNKS1BP1,0.083844012,1.736836478,1.610109873,1.87911465,1.87022213
CD74,10.02978208,8.71598621,6.719607174,3.18976539,6.950598198
HSPA12B,3.096793452,0.206126072,0.081863601,2.630161621,3.097245645
SYTL2,0.367239139,1.188551321,3.815383489,1.434355699,4.526575272
AKR1B1,23.87083194,18.08758413,47.82557433,18.84712311,20.54450226
SMPDL3B,0.036085046,0.00001,0.00001,0.00001,0.00001
TRIM28,4.288977478,1.969747628,0.40232316,1.198906274,4.398339366
FKBP15,0.021228965,1.88323426,1.779015718,1.74278268,1.935986921
CDCP1,0.099720107,0.045958194,0.023829805,0.035406999,0.012847753
NFS1,0.375372006,0.386139379,2.192759459,0.577080152,1.044520195
IDH3G,25.75784682,17.66987361,6.424278303,18.89779271,16.92052422
MAPRE2,1.591809292,0.065367229,1.86410618,2.172643601,0.269354621
SCG3,1.909513691,2.41968964,1.902922671,2.282619352,0.244863708
RNPS1,0.789968302,1.119656901,0.175449609,0.855526364,0.94628765
GLS,1.860999842,2.137730943,0.243015019,1.929104127,1.723003939
LAMC2,0.942549541,2.160996496,0.021745866,2.518200744,1.91010485
TPM2,1.824044203,0.147273923,0.032512165,2.162794216,0.09700329
LAP3,0.427341073,2.787495224,2.362587716,2.678165056,2.498762769
PRKACA,1.78533011,1.892848763,1.998180988,1.775305425,0.091383983
NFKB1,2.534139225,2.356755997,0.003208688,3.383108764,0.939928261
PCBP2,2.814111544,7.895544904,10.21905801,7.363523838,7.838762994
NUP205,1.903426786,2.131056662,1.782366531,0.582835757,1.98569946
TOP2B,1.827705853,2.060353638,1.889871698,1.89868999,0.286520265
ARCN1,3.816918138,0.353865006,2.440950248,2.942271034,2.440979029
EPHB2,0.014280117,0.244263232,0.245823134,2.092545771,1.692116311
SLC6A11,0.00001,0.00001,0.062085043,0.00001,0.00001
HNRNPA1,2.057030029,2.067829006,0.789725741,2.102026635,1.837345456
COMT,0.140211386,0.526765147,0.056196463,2.19967607,1.803410701
SQOR,2.098703215,0.499653018,1.720896764,1.906323267,1.609790491
CHMP4A,2.116662314,2.41526165,0.203125331,0.464302254,0.474530349
ATP1A3,0.087313875,1.575907527,0.471940171,1.788253304,1.784952324
MATR3,0.199669335,2.085420547,2.116024058,1.118029827,0.684954279
D0.00001JB1,1.92250575,0.267886903,1.930593486,2.150722501,2.079166963
FBP2,0.675588549,1.816354214,0.705692266,0.68402328,0.711001278
DAP3,0.008673576,0.245633128,0.03643456,0.234823142,0.232292013
H1-6,0.146445812,2.192967149,2.244232485,2.462268049,2.161095334
MARK1,0.187847895,0.153427139,0.405809528,0.114976787,0.144258029
USP32,0.005702361,0.00001,0.04517524,0.00001,0.00001
ACTR1A,0.689311587,1.890520898,0.830424031,0.726851737,0.748876056
0.00001GA,2.175262091,2.931489125,0.238634116,2.298720894,1.796060278
MTTP,0.099772306,0.540132309,1.844872929,2.108236089,1.878168745
PARP14,1.969160858,0.674206876,0.202255858,1.815927676,1.858896974
CORO1B,2.501982689,2.519324423,0.690763534,2.971937115,2.699536691
FES,0.286005224,1.146791822,0.773861004,2.194703076,1.105717621
PRPF6,0.072271278,1.954957786,0.537906308,2.324579982,2.124129101
TWF2,2.026858125,0.670324071,1.951160625,2.064236158,2.161041613
RPL22,0.462188467,2.452088553,3.888854634,2.761198327,4.077681456
FER1L4,0.641385259,1.888065501,0.181418176,2.027232128,1.860322175
SPEN,0.003853608,1.633590705,1.505496688,1.650881034,1.702524896
GALM,0.052516561,0.348989136,1.832600356,2.291293627,2.281362102
ACO1,1.858556013,1.892892818,0.117340388,2.183692316,1.727442631
ARFGAP2,1.867086891,2.237623067,0.544297529,0.135334731,1.869289718
NDUFB6,2.011420874,3.971205069,0.88040836,3.658176728,3.599360475
NUB1,0.00001,0.029826594,0.00001,0.00001,0.00001
SKIV2L,0.285970496,0.816507332,1.808966443,2.132831677,1.897036995
PSMC1,8.060827701,7.315062346,8.732082101,7.813710033,3.630509811
TFG,1.980955715,2.115448025,0.71650438,2.086754823,2.286423388
EPHX2,2.883511497,3.723642002,2.982871262,3.677311618,1.114335967
FERMT2,1.647158815,1.658507302,1.9682423,1.777909613,0.297242862
C2CD5,2.024069543,0.276048328,0.576549483,1.974602997,0.892570102
ARPC2,0.919839541,0.616531271,1.952072624,0.573152951,0.949044651
PML,0.116885271,0.457247579,0.244041178,2.276726447,2.131508334
PLX0.000014,0.007199074,0.000781219,0.000163908,0.001490739,0.008533891
KRT73,0.530965254,1.376029347,1.271357084,1.31537785,1.189357448
RPL21,0.952034859,16.63941618,0.00001,4.854775275,9.110801103
RAP1B,1.671194029,1.463937695,1.779656215,1.968290084,0.131171452
CYGB,0.246010964,0.00001,0.10233933,0.310063752,0.093164008
CBL,0.009711339,0.068835423,0.00001,0.023990944,0.058290468
ALDH3A1,0.654813999,2.062737122,2.142264842,2.503333862,2.284014754
CALU,2.107045028,2.589152156,2.208891914,2.446199929,0.348835333
GP1BB,0.013822297,0.136635779,0.506434426,0.019675674,0.0483521
G0.00001Q,0.061840293,0.876392227,1.067166104,0.719840905,0.962412837
HADH,2.442293156,6.526798361,2.455918378,3.107678063,2.254558689
SH3YL1,0.010626536,0.154853992,0.336335206,0.166047673,0.00001
SCARB2,0.684140385,2.015870305,1.892105013,2.371759243,2.244354149
MAPK3,0.198233867,1.903566641,0.063035636,1.848586017,0.582148792
HDAC2,1.796128668,0.066678963,0.022897559,0.047923314,1.988702846
CRYZ,1.646140818,1.183606963,0.411901476,2.396337674,1.405352656
RAB6D,1.849511828,0.049342978,0.362814568,2.116108339,1.862438589
SORD,3.789900474,0.285290698,0.868339086,0.951713933,3.574592746
VAMP3,0.118713224,2.574616101,2.649992418,3.993450125,5.871209169
RAB1C,1.806037612,1.809395377,0.060557977,0.371827759,1.572486233
DST,0.011459086,0.12789583,0.135134091,0.142832757,0.117288364
D2HGDH,0.026916425,0.00001,0.037501143,0.050393158,0.055551587
MTMR2,0.800224836,0.426584322,2.681051784,0.526460573,0.811605992
VCL,0.884800623,3.495325538,2.358503102,1.997022405,1.913726654
CDC42EP5,0.450073977,0.00001,1.173429615,0.636759038,0.255467855
WASH2P,0.00001,0.022862772,0.008785101,0.012181251,0.002962755
TTN,0.017447046,0.038575993,1.846064211,1.503048521,1.37214902
PDS5A,1.89246567,1.831957859,1.623877219,1.766021054,0.636129256
HNRNPA3,1.929827718,2.170143374,2.044409928,0.294698331,1.82984987
PDE10A,0.026686749,0.181998894,0.00001,0.008793628,0.00001
RAD21,0.127930631,0.760522225,0.71135858,2.483221903,3.346942953
XYLB,0.042870601,1.735116846,1.695835589,1.817647066,0.096829808
SUPT6H,0.026565736,1.976113738,1.685850021,2.005442663,2.02056917
GSK3A,2.685402419,3.155407018,1.10578764,2.475134937,3.158363597
GIPC1,2.282897851,0.577365449,2.237767228,1.260250182,1.802755325
CLNS1A,0.031008229,0.541539445,0.439341656,0.429942479,0.414956404
UBR7,0.024980746,0.056461581,0.19050105,2.056619838,1.856329878
RANBP2,1.597326194,1.556983468,0.069950267,1.579565951,1.537888836
CAST,0.046319944,1.887960217,0.415349039,2.056582152,1.626115192
UNC45A,0.374370569,0.542484412,0.077881653,1.841881597,2.207165618
KRT32,1.630730545,0.048964807,1.861199044,0.014033308,1.670516369
FARP1,0.025852371,4.968769113,3.093098913,3.833990039,2.801001821
TUT1,0.021525129,0.520869588,0.616362593,0.610834171,0.531065745
RAB1B,1.814278571,1.809395377,1.942390842,0.474486909,1.660995322
RGN,2.173021617,0.720835506,3.173246244,3.065539224,3.340282612
HEPH,1.615842963,0.021584088,1.661957122,1.571038599,0.11583341
COPS7A,2.002393336,0.239735089,1.917700289,2.122643643,1.877192822
LMNB2,1.973855173,0.54228371,1.801232611,1.943696065,1.926768852
ROCK2,1.998916069,1.748092039,0.058078058,1.791787119,1.599431912
FAM98A,0.216815592,0.719015141,0.443416009,2.411891899,2.219521678
RAD23B,2.643993647,2.794097722,2.400467256,2.822778915,0.734790328
HSPD1,5.980260411,18.35409893,25.30381928,22.71585604,17.70805455
MZB1,2.190908299,2.098226332,1.717575974,0.599000288,2.429673492
SRP72,0.575132442,1.233100315,1.201499255,3.858349624,2.599797158
MFN2,0.20747424,2.201536745,1.442501268,2.117694599,1.093451882
TM9SF1,0.015087743,0.00001,0.034994277,0.160326205,0.002263077
GLG1,1.526999196,1.514420469,1.665582513,2.004914162,0.053094237
SF3A3,2.18572773,1.793261852,0.12305594,2.858800059,1.777160041
NFYA,0.498135711,2.131155461,1.245334144,2.474510819,2.195952819
NFATC1,0.00001,0.010569367,0.00001,0.00220497,0.021198338
IGFBP2,6.227651783,2.208093594,3.467459306,0.893368783,4.937417589
ADD1,0.491350597,0.548924717,0.192460442,2.081814592,2.512169695
ANP32A,1.823639419,5.046554566,4.980494313,4.073019005,4.590735636
VIRMA,0.558774867,0.269011162,0.375747516,0.298828172,0.126050799
PTGES3,0.117885267,0.023700405,0.024408956,0.009534073,0.006630039
ICAM2,0.330887011,0.989886423,1.479124684,1.137058799,0.887010054
SH3GL1,0.110952996,0.744182749,1.803972318,0.528277066,1.577320424
PKP2,2.782221358,2.815375216,0.325021261,2.681126489,2.697133407
PUS1,0.004554235,0.356631487,0.00001,0.247812969,0.003873801
TRIP10,0.239485116,0.93831153,2.969715726,2.851852042,0.847552748
TP53I3,2.033758596,2.497092905,0.405258237,2.164505077,2.324102728
GOLGB1,1.664599727,0.023178437,1.696829147,0.058462892,0.051625342
NELFA,0.224850037,3.000425476,2.347672671,3.05796041,1.296694289
PPIAL4H,0.050462523,0.182684314,0.357323593,0.189339252,0.00001
CAPN2,2.925333752,0.081335771,1.580783958,1.986807227,2.073621305
UGT1A7,0.191606597,0.386266437,0.509001658,2.493026734,2.489404983
SERPI0.0000111,0.082637189,1.733406234,1.665236516,0.956643769,0.166931451
ZBTB7A,0.00001,0.00001,0.008519459,0.00001,0.00001
AATF,0.00237547,0.08166221,0.00001,0.055354927,0.056284601
MYDGF,0.51095013,1.90983227,1.819052614,2.147961783,2.085529221
TRBC2,0.00001,0.00001,0.174429699,0.00001,0.00001
RPL9,0.374418009,0.123948566,1.733782554,1.118718142,2.094949493
CDC37,1.544847855,5.283186132,6.792796718,6.764804056,4.685198232
RBMXL2,0.234237719,1.14255815,0.74753112,0.791512139,0.73458961
PDIA6,2.18335088,0.579654069,2.223651967,2.197573807,2.148418778
PTPRJ,1.913292826,1.65693452,0.17598807,2.08799816,1.766225184
CRYL1,0.819443705,2.649945093,2.112808555,2.469995844,2.13055648
SLC27A2,2.002752441,2.18396956,1.938700436,2.258078146,0.171920805
HARS2,1.85254111,0.184883401,1.855534138,1.993160698,1.814241375
WRNIP1,0.638221088,2.115093996,1.808907441,2.076617038,1.769761708
HEXA,0.091142974,0.30154023,0.687385926,0.324243373,0.318143495
REG4,0.180183933,0.308021644,0.00001,0.085089696,0.221179901
USP39,0.054196436,0.401526106,1.620124948,1.76581092,1.81098775
AAK1,0.055953004,0.89871067,0.409472217,0.568181561,0.779937776
ABLIM1,0.007604296,0.04332454,0.083725859,0.060589809,0.08959506
AGR2,4.123147497,1.803771811,0.228772308,2.857922674,2.949131646
AP5B1,0.00001,0.009775497,0.039263,0.00734989,0.00305133
HDLBP,2.031253371,0.746258604,1.738282084,2.075264009,1.833852759
RPS12,0.006007159,0.183839026,0.00001,0.0046791,0.00001
ACTN3,1.573210815,1.81116152,0.001779151,1.898437712,0.051136103
ADD3,1.130411799,2.13668098,0.538363087,2.100225232,1.735212953
MTM1,0.502505118,3.500687642,0.169930494,2.461713299,0.927008111
LAMP1,0.332822278,0.094940225,1.954654301,0.863439674,0.112491151
ANGPTL3,1.790477382,2.081026653,0.375848765,0.136893675,0.501404948
MYO6,1.873442853,0.122117663,1.81706946,2.009661299,0.252827967
MYO1C,0.782135225,0.525254143,0.140510891,0.627628408,0.976004914
SOD3,2.54642057,2.301597983,0.715504101,1.882362882,1.675887874
SUFU,0.000846752,0.127391738,0.069230626,0.00413658,0.053229476
CCT2,0.979827513,0.483393522,2.133491513,2.458606847,2.302703655
SFTPA2,0.0010344,0.01096844,0.048954165,0.049226044,0.015476183
PLXNB1,0.012332229,0.086148288,0.088753984,1.94824399,1.636415759
TOMM40L,0.042302791,0.180555612,0.00001,0.074254573,0.268525007
JAK1,0.000770782,0.00001,0.00001,0.001834739,0.013396326
GALNT11,0.00001,0.00001,0.041339793,0.009252166,0.00001
MERTK,0.295497352,2.186661556,0.100213211,2.252653173,2.183962801
MRPS18A,10.0719907,32.66875538,43.04224293,30.3526752,30.31309788
ASPH,0.33796516,2.988382187,0.787162711,2.729011868,2.541524246
CPA2,0.265681199,0.106188063,1.887740188,2.0895536,1.936499861
KIAA1217,0.030986725,1.627229988,0.261095303,1.642318581,1.71126321
RIF1,2.127726472,2.326732638,0.161556881,1.397167983,2.263073639
ATP6AP1,0.510688494,0.09400224,2.343041291,0.210110868,2.001369643
DDAH2,2.255551798,3.461483252,0.513156188,3.121887612,3.335005785
RRS1,0.085634848,2.005320739,1.811746154,2.109023,1.789739419
SESN2,0.00001,0.17017445,0.00001,0.07236559,0.01196296
DYNLRB1,0.07816232,4.081471802,1.227605074,3.62663925,1.353371606
LASP1,1.829696033,0.928761059,0.029860415,2.159278845,1.803543082
B4GAT1,0.181840428,2.084348389,2.121231408,2.08132018,2.05321454
PRNP,1.612920081,0.005070665,1.720590724,1.988409508,1.89327545
PTGIS,0.00001,0.116620211,0.021518905,0.146559705,0.066148836
ATP5PF,1.416492648,14.84650632,20.17594587,19.76926289,17.42790879
MVP,0.296331881,1.788093622,1.886014933,1.009243385,1.156195104
0.00001DK2,0.013816067,0.00001,0.044060704,0.000960697,0.00001
LMAN2,2.152303998,1.904386337,0.071774888,2.223447336,2.026913686
PGK2,0.135240746,2.00673372,1.787961883,2.041618046,1.466509934
HNRNPF,0.577843879,2.075686333,2.637092824,1.65562606,1.681601352
PREB,0.03375933,0.073676832,1.728103416,1.934173238,1.98001549
PPIL4,0.027660768,0.162452444,0.010326067,0.018067574,0.061243286
RING1,0.044809903,0.007176855,0.072104319,0.019506123,0.00001
SYK,0.161700194,2.087998063,0.046462155,2.186992552,2.184482273
ENDOD1,1.864356842,0.060001198,0.011985158,2.116444418,1.844995976
SACM1L,2.069009632,0.093521557,0.699703252,0.218992505,1.994818976
HPRT1,1.780212658,5.157606645,4.665699043,6.158167897,6.980684078
NUP37,0.021695201,0.163954007,0.00001,0.030881579,0.074855058
EEF1AKMT4,0.00001,1.137532647,0.00001,0.29079168,0.310169753
ABRAXAS2,0.00001,0.00001,0.021526582,0.00001,0.00001
SPARCL1,1.640537037,3.792223176,0.289916171,2.362880998,4.252906347
WASHC2A,1.504446285,1.737537502,1.908923391,0.037761651,1.833485249
PKN1,0.023095347,0.166457026,0.152758475,0.070992962,0.202074416
EIF2AK4,0.000776863,0.009250555,0.011440685,0.014098729,0.014532093
PNPLA6,0.002844196,0.298108056,0.107837157,0.010284261,0.015178154
TAB1,0.339910959,0.880488337,0.1848562,0.101358645,0.409964294
NRCAM,0.092146354,1.815559402,0.682623427,2.710747525,2.644713951
NES,0.044923286,0.57917498,1.632013783,1.902077649,0.507605994
EIF3K,0.009244029,0.357069152,0.282710956,0.285948914,0.242462065
PPIE,2.739800406,21.36429026,17.03301209,23.84843839,34.81923964
MMRN1,1.585362865,1.649201574,1.695539636,0.135679574,1.832942233
UBE2V2,2.951237687,3.177136161,1.137615736,3.388617035,3.648561639
GTF3C1,0.000614987,0.008440341,0.016806556,0.052720137,0.03162558
PYGM,1.865065956,1.589882696,0.071154009,2.099705802,0.28738057
SLC50A1,0.00001,0.00001,0.01706217,0.00001,0.00001
WBP11,0.308642253,0.083137544,0.00001,0.178227547,0.196421617
CES1,1.618611484,0.168865394,2.215908054,2.213624706,1.950615039
ACSM2B,0.018350589,1.658964215,1.698569573,1.770556735,1.625620235
APP,1.885508801,1.939739932,1.735205543,0.134154244,1.724004047
ATP13A1,0.413530336,0.061664001,1.861071263,1.945804472,1.842710381
CASTOR2,0.045929045,0.118489428,0.110018578,0.218030282,0.23276514
NLGN3,0.00001,0.62528103,0.24955191,0.15691787,0.11500964
PAPSS2,1.868919164,2.160549172,1.893140604,2.100910115,0.109340362
ALDH3A2,2.368047499,0.376146613,2.087085856,2.5105908,2.186291053
BHMT,2.170815488,0.429354382,0.138704135,2.011160862,1.665335875
QDPR,2.347628471,0.122139696,1.338926887,2.058062703,0.414441277
S0.00001P29,0.018893989,0.00001,0.233007609,0.035089688,0.034250772
MAPRE1,0.844302365,3.781273946,6.754655664,3.634380883,3.226709594
GPC4,0.036707682,0.00001,0.00001,0.007535594,0.001738088
AKR7A3,4.787528657,0.014991975,2.187626717,4.511923058,3.816025821
ALYREF,1.983788816,1.698158622,0.495263834,2.079671735,1.831899345
CDSN,0.297450538,0.754641792,0.906786921,1.532265419,1.073812573
SSRP1,0.098404309,0.216612735,1.949252847,2.480727831,1.962549776
FTH1,0.860376161,2.823303666,2.594577388,5.058330331,4.022417091
MUC5B,0.027414593,1.799955436,1.444898166,1.584355106,1.555631884
D0.00001JC11,1.983047374,2.145679339,1.658183338,2.09894088,0.215950452
ABCC2,0.340173973,1.697439751,1.571455492,2.013017104,0.067447955
KIT,7.809276289,8.999437033,1.146367695,6.710278588,7.059936283
SPAG9,1.735969292,0.057052432,1.514200535,1.712869214,1.629772894
ANTXR1,0.935092251,3.327380994,2.889920736,3.321483257,2.886885741
FDX1,7.091310566,1.372720926,4.142096879,5.595062031,4.120289884
CSNK2B,0.034358343,11.64875443,6.922121109,5.151309973,0.10537343
GALNT2,2.116804049,0.111525049,0.225346766,2.16996994,0.322539675
STK3,0.28617231,1.961118349,1.853392933,1.909411981,1.743842974
MRPS9,2.602712841,0.263094563,0.556196347,2.550244253,0.852995412
MPV17,0.536804536,0.233611346,0.137694946,0.187900974,0.00001
HSP90AA5P,1.750850668,0.16835159,2.117477436,2.004559396,1.847830054
PRKACB,1.651596464,0.495586022,1.887003226,1.850301541,1.961493729
WASHC2C,1.503868258,1.849692452,2.042484542,0.037642771,1.833039203
YES1,1.9875055,0.115769431,0.257595496,2.009318387,1.82257758
CD14,28.03250581,7.451174832,62.30097119,12.96478651,7.210656628
COPS6,3.54766195,2.997633128,0.76311609,2.816084908,2.465622907
ALG5,0.008166534,0.385082319,0.107066519,0.22542141,0.114057179
AGPAT5,0.676293451,0.00001,0.00001,0.00237481,0.302631455
TMEM68,0.754192716,3.28273668,3.154446944,2.760534228,2.583710177
ADA2,1.69542044,1.521674072,1.647431052,2.074215312,0.096797791
EIF5B,0.378571212,2.220466422,2.403975623,2.73351432,1.847050934
NIBAN2,1.053116626,0.061011388,0.395587423,2.07301851,1.88894483
DKK3,1.939820153,2.099259645,2.17414052,2.32229175,0.342391952
0.0001,2.734524067,2.245392779,0.205881534,2.607218939,2.547237301
MCM7,1.741652905,0.050254097,1.961555629,0.294188591,1.940376374
CTPS1,1.219408146,0.09252428,1.780787605,2.035760835,0.530233512
SYNCRIP,0.463863414,2.372261228,1.929890095,1.854114741,1.891689411
DNM2,0.039005661,2.01006457,0.009290211,2.019786305,1.71290912
FUCA1,1.585535149,1.464060864,0.326510284,1.295472656,2.268026636
DARS1,1.203370311,3.734896082,3.643428778,4.469510014,4.209827036
CLPX,21.60336291,130.5023186,169.3044357,133.2143773,133.6656018
ARSD,0.500460674,2.54466311,2.380001546,2.45041471,2.49824306
GGCT,1.840522127,1.943078155,0.144640345,1.95810142,1.670516182
OTUB1,1.987971177,6.466818396,2.024896195,2.850566371,2.052426874
PRPSAP2,0.16243015,1.895590529,1.964817786,1.917742096,1.904555343
LOXL4,0.189168093,1.876907046,0.704312087,2.117033981,0.963536507
MRPS15,2.008439042,2.022374128,0.089067352,2.228696084,0.275028939
ADPGK,1.002127569,0.361706431,1.780996189,2.126781583,2.043585118
DNM1L,0.186608032,1.078848061,2.135392881,1.98258718,2.087520904
GGA3,0.00001,0.00001,0.059379528,0.00001,0.00001
PRELP,0.18258168,0.130724131,0.00001,0.0462949,0.190788649
TRIM16L,0.16838223,2.262966966,1.998671082,2.244252141,2.187611659
EVPL,1.844456858,1.732352391,0.15269717,1.650262083,1.798182272
CAPZB,0.290818495,0.104340774,0.508691368,1.890256949,1.883991843
PLOD1,0.089388133,0.417030654,1.623750273,1.949777739,1.969576393
MEF2D,2.186292288,2.552706394,1.492514128,2.296194011,0.674391595
CTNND2,0.075557544,0.432780304,0.294844124,1.878984824,1.526756411
GALK1,1.814227788,1.640089658,1.739672638,0.301761499,2.005811493
CDH13,2.116578825,0.761383882,0.154502282,0.317571768,1.919945444
CROCC,0.463432642,0.088306965,1.656872383,0.089837168,0.062965875
STAM,2.383920849,0.751841306,0.00001,2.693280386,2.441698838
PTPN11,0.214615287,1.806859032,1.888333323,1.922356602,1.784423326
ANXA13,0.105420615,0.009537647,0.072658701,0.093513171,0.04820214
RFTN1,0.121099109,1.347972291,1.957520773,2.220160029,2.053211404
HLA-E,1.534547175,0.3209162,0.046307041,1.604740887,1.537665577
WDR1,0.301097814,4.15726201,0.849811641,0.602914363,1.339741834
AFG3L2,0.052995205,1.795889322,1.754194698,0.348705293,1.669037993
SWAP70,0.079751157,2.102618832,1.820880067,2.12789668,1.83026262
QARS1,2.363916458,2.699722179,0.474308982,2.631103188,1.917541164
CASP8,0.463277218,3.20718447,1.815165717,1.414793745,2.479543035
DHX30,0.068886828,1.697510997,0.248028109,1.836606087,0.304248229
PPP2R1B,0.672779296,2.891025097,2.944663153,2.74211941,2.658106154
CHGA,0.836067724,2.460444955,0.491452611,1.186204889,1.08737707
SUN1,0.140086369,1.805697171,1.863129738,1.970394704,2.07999771
DDX42,1.745830949,1.594681861,1.732827721,0.292946843,1.933819143
VPS39,0.010554708,2.04576162,0.050606434,2.101961494,1.823379411
UBE2L5,1.3216232,5.168753348,2.180777981,1.115352249,1.869283939
INF2,1.721540145,1.857882086,0.042662553,0.162735301,1.562736643
SNRPD1,4.746573209,13.79789656,33.38190301,38.77987669,47.79506413
CD2AP,0.132491603,0.762341114,2.151787788,2.930200296,2.608105556
CWC27,0.279574441,1.127032921,1.926374678,1.308884581,1.450293793
COASY,0.001313137,0.002414923,0.037959825,0.006887288,0.117452097
ZSWIM8,0.011233632,1.987765842,0.471975384,1.90199048,0.097195975
ARG1,1.112683927,8.571038094,6.156157508,14.38426016,10.08428618
MEGF8,1.874136427,0.136416985,1.71365244,2.099504255,1.866002321
PDS5B,0.092477386,0.549795314,2.061070113,2.172175315,0.196511467
TXNL1,2.180596296,0.586427953,3.156545575,2.161859476,1.702181978
VDAC1,2.873132623,0.692554798,8.061716764,4.319491246,3.136574544
ICOSLG,1.891175328,2.244344307,0.322367294,2.087140866,1.872608272
LAMC1,3.899084129,5.350300524,18.07327299,3.50944222,6.818481557
LRRC47,2.766968111,0.791480144,1.955779273,2.867657136,2.902376998
NMRAL1,2.63975077,0.740467084,1.868227929,2.607127039,2.584310527
LRCH2,1.006295442,1.947782892,0.00001,3.450127954,6.838993394
TSPO,0.328067357,0.400817589,0.472390216,0.068184097,1.921750306
MFAP4,1.57789156,3.72731404,0.453789841,3.319120779,3.607573446
EPB41,1.729643766,1.934044844,1.928628476,0.090022319,0.013385915
PTPRS,0.287138568,0.884313544,0.583841004,2.546243268,2.177916358
CREG1,0.003676357,0.036300332,0.031601075,0.019904961,0.009753967
DDRGK1,0.010301187,2.69702697,2.986747544,2.617030885,2.636146137
CDH1,0.551537663,1.831381948,1.337195804,1.378241084,1.173281564
PTGR1,0.173225683,2.081125039,1.873761821,0.782368047,1.975491979
IFIT1,2.016884814,2.241748791,2.175931578,2.12930115,0.315706667
CAD,1.567374113,0.124107974,1.499910606,1.570536022,1.555114735
FNDC3A,2.436185776,0.064905462,0.619581758,2.425043298,0.316718295
AP3D1,0.089350811,1.920396401,0.014354662,2.062794244,2.11067136
TXNDC11,0.00001,0.00001,0.131473109,0.00001,0.00001
PA2G4,0.159842293,2.089552233,1.830176448,2.396420679,2.07507613
RAB6C,1.844385568,0.049342978,0.362814568,2.12580406,1.882054181
COX2,0.100913544,14.09644478,2.261947286,6.436749539,14.03716969
TMEM179B,0.00001,0.00001,0.00001,0.00001,0.03131196
ART3,2.480893945,0.814760829,2.573448796,3.471400251,3.166047509
MYO1G,0.026733947,0.063326157,0.073092697,2.014213896,1.874326937
FAM114A1,0.37374382,2.257319637,2.060013418,2.273709424,1.937743243
WASH3P,0.00001,0.022862772,0.008785101,0.012181251,0.002962755
P4HB,19.3958797,114.9733142,116.2046355,89.0133122,107.0429309
DCTN5,0.00001,0.089616761,0.00001,0.025687234,0.003214484
DDR1,19.62056901,0.745040648,4.84699421,16.21652939,12.19071256
H3-4,11.8228142,0.106426033,3.610960834,8.657938078,10.44994022
CYP2J2,0.01741788,0.080181399,0.025635166,0.033890201,0.027122244
ARMCX2,0.000662372,0.026343798,0.012414508,0.005317954,0.006533756
HCLS1,4.681343381,0.166486509,2.2175005,4.759337151,3.925232636
DERPC,1.336055646,0.257146647,0.435934759,0.311287702,0.29066425
CELA2B,0.00001,0.041567953,0.00001,0.00001,0.00001
ITLN2,0.00001,0.922636676,4.459569439,0.103111752,0.437756692
MICOS10,0.00001,0.045081993,0.022438177,0.00001,0.00001
OLIG2,0.00001,0.00001,0.051722052,0.00001,0.00001
RCAN2,0.00001,0.00001,0.154318301,0.00001,0.00001
SULT1B1,0.473668495,2.616064018,0.457201848,0.6486174,0.575133189
HYAL1,0.008998744,0.004071221,0.00001,0.014377824,0.046616227
PPAN,0.006855342,0.008938879,0.001763803,0.009926371,0.043960442
CASC4,0.00001,0.065319961,0.151833457,0.063490906,0.05793858
CDCA7,0.035270635,0.00001,0.202978201,0.079104716,0.00001
CDK11A,0.010766589,0.035512962,1.850157152,1.92199733,1.854929007
CDK11B,0.010298864,0.033969285,1.847937625,1.919313865,1.85264807
GPA33,3.134762589,0.699351051,0.206640072,3.183387638,1.122108154
H3C1,11.75517236,0.119441262,3.529981599,8.624340363,10.33755959
H3C15,11.88111896,0.106426033,3.638778136,8.674847973,10.46904247
IMPAD1,0.099300294,0.49030384,0.332553337,0.55194226,0.512905955
LCN1,0.053270651,2.013339018,1.764622638,2.486478547,0.304932097
LCN1P1,0.031436888,2.034001014,1.781671164,2.1909947,0.132792427
PPIAL4A,0.046581546,0.168632382,0.329837788,0.174775373,0.00001
PPIAL4C,0.050462523,0.182684314,0.357323593,0.189339252,0.00001
PPIAL4E,0.046581546,0.168632382,0.329837788,0.174775373,0.00001
PPIAL4F,0.046581546,0.168632382,0.329837788,0.174775373,0.00001
SMN1,0.385777786,4.327166818,3.488349671,3.635724413,3.203461216
ST13P4,1.169496188,0.133466798,1.815836811,4.193960699,2.507482171
UGT2B17,0.003918144,0.00001,0.078053208,0.056899451,0.007071972
WASHC1,0.00001,0.02385644,0.009166654,0.01271048,0.003091155
